Date,Open,High,Low,Close,Adj Close,Volume,Day
2018-02-13,19.57,20.059999,19.450001,20.049999,16.918375,260400,0
2018-02-14,19.84,20.610001,19.84,20.549999,17.340277,338500,1
2018-02-15,20.76,20.889999,20.290001,20.65,17.424664,309500,2
2018-02-16,20.57,20.950001,20.57,20.860001,17.601864,103500,3
2018-02-20,20.799999,20.99,20.48,20.6,17.382471,114700,4
2018-02-21,20.559999,21.15,20.559999,20.790001,17.542793,114700,5
2018-02-22,20.92,21.02,20.709999,20.74,17.500607,72700,6
2018-02-23,20.889999,21.280001,20.639999,20.799999,17.551231,112600,7
2018-02-26,20.83,21.01,20.75,20.950001,17.677807,100600,8
2018-02-27,20.93,21.23,20.719999,20.719999,17.48373,100100,9
2018-02-28,20.809999,20.860001,20.41,20.41,17.222147,142500,10
2018-03-01,20.34,20.84,20.26,20.5,17.298088,175900,11
2018-03-02,20.34,20.719999,20.209999,20.65,17.424664,129100,12
2018-03-05,20.52,20.940001,20.450001,20.58,17.365595,111600,13
2018-03-06,20.620001,21.299999,20.57,21.110001,17.812811,159300,14
2018-03-07,20.879999,21.59,20.879999,21.48,18.125021,110400,15
2018-03-08,21.549999,21.610001,21.059999,21.129999,17.829691,119700,16
2018-03-09,21.290001,22.200001,21.049999,22.18,18.715691,831400,17
2018-03-12,22.26,22.57,22.1,22.41,18.909763,210900,18
2018-03-13,22.52,22.780001,22.25,22.370001,18.876011,130600,19
2018-03-14,22.469999,22.48,21.969999,22.040001,18.597553,175700,20
2018-03-15,22.08,22.190001,21.77,21.9,18.479422,106500,21
2018-03-16,21.9,22.209999,21.33,21.889999,18.470984,403300,22
2018-03-19,21.889999,21.889999,21.459999,21.73,18.335974,119200,23
2018-03-20,21.84,21.870001,21.549999,21.690001,18.302223,98900,24
2018-03-21,21.67,22.030001,21.65,21.76,18.361292,82100,25
2018-03-22,21.57,21.84,21.32,21.32,17.990011,232500,26
2018-03-23,21.35,21.35,20.41,20.41,17.222147,158800,27
2018-03-26,20.690001,20.83,20.42,20.780001,17.534355,225200,28
2018-03-27,20.85,20.85,20.32,20.440001,17.247459,117000,29
2018-03-28,20.49,20.76,20.07,20.24,17.078701,248400,30
2018-03-29,20.41,20.83,20.41,20.530001,17.3234,268300,31
2018-04-02,20.43,20.52,19.959999,20.18,17.136585,118500,32
2018-04-03,20.219999,20.74,20.120001,20.709999,17.586651,139300,33
2018-04-04,20.4,20.879999,20.049999,20.76,17.629107,236600,34
2018-04-05,20.879999,21.299999,20.76,21.18,17.985771,97200,35
2018-04-06,20.959999,21.18,20.68,20.799999,17.663082,204300,36
2018-04-09,21.030001,21.27,20.75,20.82,17.680059,161000,37
2018-04-10,21.1,21.440001,20.969999,21.34,18.121639,170200,38
2018-04-11,21.129999,21.370001,21.030001,21.129999,17.943314,90600,39
2018-04-12,21.190001,21.469999,21.139999,21.280001,18.070688,67900,40
2018-04-13,21.309999,21.58,21.17,21.42,18.189577,90300,41
2018-04-16,21.48,21.950001,21.389999,21.889999,18.588694,140000,42
2018-04-17,21.99,22.51,21.99,22.26,18.902891,125400,43
2018-04-18,22.309999,22.450001,22.209999,22.370001,18.996304,121500,44
2018-04-19,22.299999,22.549999,22.219999,22.27,18.911383,184800,45
2018-04-20,22.129999,22.209999,21.879999,22.1,18.767019,104700,46
2018-04-23,22.120001,22.120001,21.74,21.91,18.605677,73700,47
2018-04-24,22.09,22.09,21.469999,21.620001,18.359413,114100,48
2018-04-25,21.66,21.860001,21.43,21.76,18.478298,103700,49
2018-04-26,21.879999,21.879999,21.26,21.5,18.257511,90800,50
2018-04-27,21.559999,21.690001,21.200001,21.24,18.03672,69200,51
2018-04-30,21.209999,21.309999,20.879999,20.889999,17.739504,103600,52
2018-05-01,20.129999,20.129999,15.76,16.780001,14.24935,856000,53
2018-05-02,16.52,17.370001,16.43,16.43,13.952131,285800,54
2018-05-03,16.42,16.49,15.84,16.33,13.867214,364600,55
2018-05-04,16.26,16.68,16.26,16.49,14.003085,155500,56
2018-05-07,16.559999,16.73,16.440001,16.65,14.138953,150100,57
2018-05-08,16.4,16.98,16.4,16.77,14.240857,157200,58
2018-05-09,16.84,16.84,16.440001,16.610001,14.104987,117000,59
2018-05-10,16.639999,16.82,16.559999,16.68,14.16443,99600,60
2018-05-11,16.620001,16.75,16.52,16.629999,14.12197,66800,61
2018-05-14,16.639999,16.719999,16.5,16.620001,14.113481,189000,62
2018-05-15,16.549999,16.73,16.48,16.59,14.088007,104900,63
2018-05-16,16.639999,17.18,16.639999,17.049999,14.47863,302500,64
2018-05-17,16.99,17.32,16.99,17.24,14.639973,214100,65
2018-05-18,17.33,17.360001,17.190001,17.299999,14.690924,120500,66
2018-05-21,17.360001,17.530001,17.27,17.51,14.869254,185100,67
2018-05-22,17.59,17.9,17.42,17.440001,14.80981,257700,68
2018-05-23,17.309999,17.440001,17.26,17.41,14.784337,79900,69
2018-05-24,17.360001,17.57,17.23,17.530001,14.886241,107600,70
2018-05-25,17.43,17.49,17.110001,17.26,14.65696,224100,71
2018-05-29,17.09,17.48,17,17.41,14.784337,131400,72
2018-05-30,17.5,17.83,17.5,17.629999,14.971157,108500,73
2018-05-31,17.639999,17.719999,17.49,17.49,14.852274,145300,74
2018-06-01,17.66,17.85,17.57,17.709999,15.03909,152600,75
2018-06-04,17.77,18.049999,17.540001,18.040001,15.319324,218600,76
2018-06-05,18.030001,18.379999,18.030001,18.33,15.565585,137400,77
2018-06-06,18.360001,18.459999,18.030001,18.190001,15.446705,212000,78
2018-06-07,18.209999,18.299999,18.15,18.209999,15.463686,77100,79
2018-06-08,18.25,18.370001,18.120001,18.139999,15.404245,90100,80
2018-06-11,18.120001,18.610001,18.110001,18.459999,15.675982,268400,81
2018-06-12,18.42,18.549999,18.209999,18.32,15.557095,68300,82
2018-06-13,18.309999,18.440001,18.1,18.309999,15.548602,151600,83
2018-06-14,18.299999,18.59,18.299999,18.57,15.769393,170300,84
2018-06-15,18.58,18.91,18.42,18.860001,16.015657,506400,85
2018-06-18,18.68,19.049999,18.66,18.93,16.0751,251100,86
2018-06-19,18.73,19.110001,18.290001,18.379999,15.608047,354000,87
2018-06-20,18.9,20.16,18.68,19.82,16.830875,721500,88
2018-06-21,19.93,19.950001,19.48,19.59,16.635563,285100,89
2018-06-22,19.709999,19.83,19.200001,19.42,16.491203,282300,90
2018-06-25,19.309999,19.5,19.1,19.290001,16.380806,180800,91
2018-06-26,19.280001,19.389999,19.15,19.280001,16.372316,225100,92
2018-06-27,19.370001,19.75,19.18,19.440001,16.508184,169800,93
2018-06-28,19.370001,19.469999,19.15,19.41,16.48271,101700,94
2018-06-29,19.469999,19.67,19.42,19.59,16.635563,129900,95
2018-07-02,19.309999,19.389999,19.08,19.379999,16.567171,119100,96
2018-07-03,19.450001,19.790001,19.360001,19.68,16.823635,78200,97
2018-07-05,19.76,19.93,19.459999,19.91,17.020248,159800,98
2018-07-06,19.950001,20.16,19.77,20.030001,17.122835,102500,99
2018-07-09,20.18,20.34,20.059999,20.24,17.302349,153200,100
2018-07-10,20.299999,20.299999,19.790001,19.879999,16.9946,151200,101
2018-07-11,19.73,20.040001,19.73,19.799999,16.926212,114400,102
2018-07-12,19.870001,20,19.66,19.73,16.866375,90100,103
2018-07-13,19.629999,20.049999,19.629999,19.82,16.943312,88700,104
2018-07-16,19.950001,19.950001,19.73,19.879999,16.9946,135200,105
2018-07-17,19.950001,20.34,19.950001,20.190001,17.259609,81600,106
2018-07-18,20.18,20.440001,20.15,20.23,17.293804,117300,107
2018-07-19,20.190001,20.42,20.09,20.360001,17.404938,165400,108
2018-07-20,20.370001,20.469999,20.24,20.25,17.310902,106900,109
2018-07-23,20.209999,20.360001,20.1,20.290001,17.345097,124600,110
2018-07-24,20.49,20.51,20.299999,20.41,17.44768,124500,111
2018-07-25,20.299999,20.49,19.959999,20.120001,17.199772,108800,112
2018-07-26,20.18,20.32,20.02,20.27,17.328001,194200,113
2018-07-27,20.24,20.360001,20.139999,20.15,17.225418,156900,114
2018-07-30,20.15,20.469999,20.059999,20.26,17.319452,212500,115
2018-07-31,18.629999,18.950001,15.97,16.370001,13.994048,1226900,116
2018-08-01,16.360001,18.059999,16.01,17.690001,15.122464,875000,117
2018-08-02,17.33,17.34,16.42,17.09,14.609545,471300,118
2018-08-03,17.07,17.24,16.76,16.940001,14.481315,330100,119
2018-08-06,16.82,17.219999,16.82,16.98,14.515512,303800,120
2018-08-07,16.82,17.33,16.549999,16.690001,14.267602,294100,121
2018-08-08,16.66,16.790001,16.309999,16.5,14.10518,273200,122
2018-08-09,16.43,16.709999,16.27,16.4,14.019691,344900,123
2018-08-10,16.370001,16.450001,16.030001,16.1,13.763236,239400,124
2018-08-13,16.16,16.16,15.46,15.61,13.344354,207800,125
2018-08-14,15.62,15.81,15.4,15.53,13.275967,305800,126
2018-08-15,15.47,15.9,15.3,15.88,13.575166,861100,127
2018-08-16,16,16.77,16,16.450001,14.062439,262800,128
2018-08-17,16.41,16.620001,16.290001,16.5,14.10518,273700,129
2018-08-20,16.5,16.6,16.33,16.42,14.03679,215500,130
2018-08-21,16.43,16.780001,16.43,16.66,14.241958,206000,131
2018-08-22,16.799999,19.299999,16.799999,18.98,16.225231,966600,132
2018-08-23,18.91,19.4,18.370001,18.48,15.797799,562100,133
2018-08-24,18.610001,18.83,18.4,18.440001,15.763604,302300,134
2018-08-27,18.59,19.6,18.440001,18.540001,15.849094,403700,135
2018-08-28,18.59,19.01,18.549999,18.77,16.04571,419700,136
2018-08-29,18.83,19.110001,18.74,18.82,16.088453,402100,137
2018-08-30,18.76,19.09,18.76,19.040001,16.276524,338500,138
2018-08-31,18.969999,19.43,18.879999,19.23,16.438946,222700,139
2018-09-04,19.15,19.25,18.799999,18.99,16.23378,260300,140
2018-09-05,18.940001,19.23,18.83,19.18,16.396202,209900,141
2018-09-06,19.26,19.35,19.08,19.15,16.370554,212200,142
2018-09-07,19.120001,19.27,18.92,19.059999,16.293619,120300,143
2018-09-10,19.139999,19.139999,18.84,19.030001,16.267971,145800,144
2018-09-11,19,19.139999,18.82,18.98,16.225231,146200,145
2018-09-12,18.950001,19.34,18.860001,19.25,16.456045,129500,146
2018-09-13,19.280001,19.57,19.139999,19.42,16.60137,121100,147
2018-09-14,19.440001,19.85,19.440001,19.629999,16.78089,175300,148
2018-09-17,19.65,19.75,19.32,19.4,16.584272,148700,149
2018-09-18,19.33,19.549999,19.24,19.4,16.584272,111300,150
2018-09-19,19.35,19.68,19.33,19.41,16.592821,160600,151
2018-09-20,19.469999,19.73,19.389999,19.73,16.866375,116100,152
2018-09-21,19.84,20.4,19.51,19.92,17.028799,567100,153
2018-09-24,19.91,20.190001,19.469999,19.76,16.892021,273500,154
2018-09-25,19.82,19.9,19.459999,19.700001,16.840731,174200,155
2018-09-26,19.65,19.84,19.469999,19.5,16.669754,275700,156
2018-09-27,19.52,19.639999,19.07,19.1,16.32781,184300,157
2018-09-28,19.030001,19.18,18.92,19.110001,16.336359,178900,158
2018-10-01,19.17,19.35,18.77,19.139999,16.362005,192000,159
2018-10-02,18.93,19.360001,18.93,19.24,16.559973,215300,160
2018-10-03,19.27,19.75,19.200001,19.690001,16.947289,230800,161
2018-10-04,19.610001,19.84,19.49,19.639999,16.904253,210200,162
2018-10-05,19.68,19.68,19.24,19.43,16.723505,383300,163
2018-10-08,19.43,19.57,19.26,19.530001,16.809576,176300,164
2018-10-09,19.42,19.42,18.65,18.66,16.06076,233500,165
2018-10-10,19.16,19.23,18.540001,18.559999,15.974688,184800,166
2018-10-11,18.5,18.52,18.07,18.129999,15.604588,233000,167
2018-10-12,18.360001,18.450001,17.41,17.49,15.053737,212600,168
2018-10-15,17.43,18.110001,17.26,17.940001,15.441051,323700,169
2018-10-16,17.99,18.870001,17.75,18.790001,16.172653,505600,170
2018-10-17,18.68,19,18.48,18.67,16.069372,243000,171
2018-10-18,18.549999,18.91,18.33,18.41,15.845587,245200,172
2018-10-19,18.4,18.860001,18.4,18.530001,15.948872,162200,173
2018-10-22,18.549999,18.68,18.440001,18.5,15.923046,179200,174
2018-10-23,18.24,18.32,17.77,18.280001,15.733693,353200,175
2018-10-24,18.24,18.35,17.24,17.280001,14.872988,231100,176
2018-10-25,17.440001,18.07,17.27,17.950001,15.449659,458500,177
2018-10-26,17.77,18.1,17.030001,17.74,15.26891,379700,178
2018-10-29,18,18.1,17.110001,17.309999,14.898811,149500,179
2018-10-30,17.35,17.879999,17.15,17.870001,15.380804,160500,180
2018-10-31,18.08,18.08,17.77,17.9,15.406627,220500,181
2018-11-01,17.99,18.389999,17.59,18.290001,15.7423,307700,182
2018-11-02,18.309999,18.700001,18.299999,18.57,15.983295,288400,183
2018-11-05,18.530001,18.620001,17.99,18.469999,15.897224,304600,184
2018-11-06,17,17.440001,14.42,14.43,12.419977,1462300,185
2018-11-07,14.51,15.52,14.09,15.1,12.996651,629500,186
2018-11-08,14.93,14.99,14.47,14.62,12.58351,357200,187
2018-11-09,14.54,14.63,14.15,14.39,12.38555,313500,188
2018-11-12,14.38,14.38,13.66,13.67,11.765841,408200,189
2018-11-13,13.7,13.81,13.24,13.34,11.48181,538400,190
2018-11-14,13.28,13.58,13.28,13.47,11.5937,258200,191
2018-11-15,13.26,13.39,13.02,13.1,11.27524,276000,192
2018-11-16,13.04,13.25,12.9,13.08,11.258025,392900,193
2018-11-19,13.01,13.29,12.94,13.14,11.309669,254600,194
2018-11-20,12.99,13.34,12.83,13.13,11.30106,280800,195
2018-11-21,13.01,13.02,12.53,12.7,10.930958,324600,196
2018-11-23,12.73,13.11,12.65,12.94,11.137527,99200,197
2018-11-26,12.99,13.2,12.97,12.97,11.163347,240500,198
2018-11-27,12.86,12.95,12.43,12.5,10.758816,178900,199
2018-11-28,12.53,12.84,12.17,12.78,10.999812,252300,200
2018-11-29,12.68,13.11,12.68,12.8,11.017028,213800,201
2018-11-30,12.77,12.96,12.59,12.75,10.973992,274900,202
2018-12-03,12.91,13.09,12.53,12.63,10.870708,324800,203
2018-12-04,12.57,12.7,12.01,12.04,10.362892,303800,204
2018-12-06,11.85,12.13,11.65,11.87,10.216572,546200,205
2018-12-07,11.81,12,11.68,11.83,10.182143,250300,206
2018-12-10,11.81,11.97,11.55,11.73,10.096074,304000,207
2018-12-11,11.76,11.94,10.91,10.91,9.390294,514000,208
2018-12-12,11.07,11.55,11.05,11.31,9.734578,240700,209
2018-12-13,11.33,11.33,10.84,11.01,9.476368,222800,210
2018-12-14,10.87,11.37,10.85,10.95,9.424724,258400,211
2018-12-17,10.92,11.67,10.78,11.34,9.7604,683000,212
2018-12-18,11.43,11.65,11.06,11.06,9.519403,424300,213
2018-12-19,11.07,11.5,10.94,11.02,9.484972,246800,214
2018-12-20,10.99,11.1,10.42,10.51,9.046013,520300,215
2018-12-21,10.54,10.56,9.88,9.94,8.555409,1155900,216
2018-12-24,9.93,10.36,9.86,9.97,8.581232,189800,217
2018-12-26,9.97,10.28,9.86,10.23,8.805014,620600,218
2018-12-27,9.97,10.27,9.79,10.27,8.839444,658400,219
2018-12-28,10.26,10.36,9.96,10.11,8.70173,497600,220
2018-12-31,10.01,10.22,9.37,9.76,8.400483,645100,221
2019-01-02,9.62,10.15,9.29,10.15,8.854091,588800,222
2019-01-03,10.1,10.16,9.7,9.71,8.470271,336300,223
2019-01-04,9.87,10.54,9.73,10.28,8.967496,483900,224
2019-01-07,10.28,10.99,10.27,10.88,9.490891,385700,225
2019-01-08,11,11.45,10.99,11.34,9.892159,502300,226
2019-01-09,11.37,11.49,11.18,11.41,9.95322,340300,227
2019-01-10,11.39,11.9,11.38,11.77,10.267258,457500,228
2019-01-11,11.7,12.09,11.53,11.94,10.415551,391200,229
2019-01-14,11.84,12.05,11.62,11.83,10.319597,277200,230
2019-01-15,11.74,12.05,11.66,11.77,10.267258,192200,231
2019-01-16,11.86,11.94,11.53,11.63,10.145133,625000,232
2019-01-17,11.53,11.71,11.3,11.6,10.118963,1675100,233
2019-01-18,11.7,12.15,11.65,11.97,10.441723,506700,234
2019-01-22,11.84,12.28,11.75,12.15,10.598741,312800,235
2019-01-23,12.22,12.22,11.79,11.88,10.363214,261700,236
2019-01-24,11.88,12.28,11.88,12.19,10.633633,376900,237
2019-01-25,12.36,12.7,12.27,12.43,10.842991,255200,238
2019-01-28,12.34,12.59,12.12,12.44,10.851715,360500,239
2019-01-29,12.47,12.75,12.37,12.6,10.991288,328700,240
2019-01-30,12.73,12.98,12.53,12.78,11.148305,246800,241
2019-01-31,12.74,12.89,12.55,12.78,11.148305,315400,242
2019-02-01,12.92,13.05,12.81,13.02,11.357665,483700,243
2019-02-04,12.9,13.12,12.75,13.1,11.427448,405200,244
2019-02-05,13.62,14.92,13.06,13.3,11.601913,446200,245
2019-02-06,13.37,14,13.29,13.77,12.011908,226800,246
2019-02-07,13.74,13.74,13.36,13.4,11.689145,224300,247
2019-02-08,13.32,13.37,13.15,13.35,11.64553,193900,248
2019-02-11,13.41,13.47,13.12,13.45,11.732763,171000,249
2019-02-12,13.54,13.74,13.42,13.72,11.96829,215100,250
2019-02-13,13.59,13.84,13.59,13.67,11.924674,214400,251
2019-02-14,13.64,13.77,13.55,13.58,11.846164,217200,252
2019-02-15,13.7,14.1,13.59,13.95,12.168925,381600,253
2019-02-19,13.9,14.1,13.87,14.01,12.221266,244300,254
2019-02-20,13.98,14.4,13.97,14.17,12.360835,396800,255
2019-02-21,14.17,14.25,13.82,14.09,12.29105,180600,256
2019-02-22,14.18,14.23,13.97,14.09,12.29105,197600,257
2019-02-25,14.18,14.36,14.13,14.22,12.404452,196100,258
2019-02-26,14.17,14.19,13.85,13.85,12.081694,120200,259
2019-02-27,13.85,13.97,13.74,13.79,12.029356,159800,260
2019-02-28,13.79,13.79,13.37,13.45,11.732763,331800,261
2019-03-01,13.46,13.76,13.28,13.65,11.907227,508800,262
2019-03-04,13.66,13.78,13.39,13.66,11.915951,219000,263
2019-03-05,13.63,13.88,13.59,13.86,12.090414,202400,264
2019-03-06,13.83,13.93,13.23,13.25,11.558298,255000,265
2019-03-07,13.28,13.28,12.95,13.02,11.357665,237700,266
2019-03-08,12.91,13.03,12.88,12.95,11.296598,198300,267
2019-03-11,13.05,13.26,12.9,13.14,11.462343,189700,268
2019-03-12,13.13,13.21,12.92,13.11,11.436172,160900,269
2019-03-13,13.17,13.28,12.95,13.21,11.523404,140800,270
2019-03-14,13.22,13.5,13.07,13.4,11.689145,242600,271
2019-03-15,13.41,13.72,13.29,13.35,11.64553,1036000,272
2019-03-18,13.37,13.87,13.34,13.87,12.099139,326500,273
2019-03-19,13.91,14.11,13.71,13.94,12.160202,465400,274
2019-03-20,13.94,14.11,13.73,13.89,12.116586,211300,275
2019-03-21,13.9,14.34,13.78,13.98,12.195096,228000,276
2019-03-22,13.8,13.84,13.24,13.31,11.610639,368900,277
2019-03-25,13.36,13.53,13.11,13.51,11.785103,177900,278
2019-03-26,13.68,13.94,13.68,13.75,11.994458,188500,279
2019-03-27,13.76,13.97,13.65,13.85,12.081694,139400,280
2019-03-28,13.87,14.03,13.72,14,12.212541,114200,281
2019-03-29,14.13,14.24,13.79,14.12,12.317221,308700,282
2019-04-01,14.27,14.87,14.26,14.85,12.954016,336200,283
2019-04-02,14.8,14.82,14.57,14.66,12.901215,306600,284
2019-04-03,14.81,14.85,14.39,14.47,12.73401,123500,285
2019-04-04,14.47,14.6,14.24,14.52,12.778011,121200,286
2019-04-05,14.51,14.72,14.46,14.67,12.910016,235900,287
2019-04-08,14.65,14.78,14.51,14.6,12.848413,122800,288
2019-04-09,14.48,14.48,14.16,14.29,12.575606,233300,289
2019-04-10,14.34,14.5,14.19,14.45,12.71641,183000,290
2019-04-11,14.46,14.57,14.33,14.38,12.654807,67000,291
2019-04-12,14.48,14.6,14.31,14.4,12.672407,139200,292
2019-04-15,14.46,14.46,14.15,14.19,12.487601,158400,293
2019-04-16,14.09,14.36,13.88,14.3,12.584406,244100,294
2019-04-17,14.17,14.42,14.15,14.28,12.566803,202300,295
2019-04-18,14.2,14.54,14.16,14.48,12.74281,209600,296
2019-04-22,14.46,14.57,14.27,14.34,12.619604,213300,297
2019-04-23,14.31,14.81,14.02,14.77,12.998019,197100,298
2019-04-24,14.73,14.98,14.62,14.77,12.998019,179500,299
2019-04-25,14.8,14.91,14.4,14.73,12.962817,165000,300
2019-04-26,14.69,15.14,14.53,15.11,13.297228,160000,301
2019-04-29,15.18,15.35,15.05,15.17,13.35003,209200,302
2019-04-30,15.23,15.88,15.14,15.78,13.886848,298000,303
2019-05-01,15.97,16.059999,15.37,15.41,13.561236,451600,304
2019-05-02,15.49,15.56,15,15.17,13.35003,242200,305
2019-05-03,15.2,15.88,15.2,15.77,13.878046,190300,306
2019-05-06,15.43,15.99,15.3,15.93,14.018852,174800,307
2019-05-07,15.77,15.87,15.53,15.64,13.763645,240100,308
2019-05-08,15.64,15.91,15.64,15.81,13.913249,237100,309
2019-05-09,15.6,15.8,15.4,15.64,13.763645,220700,310
2019-05-10,15.55,15.78,15.38,15.73,13.842844,173400,311
2019-05-13,15.45,15.45,14.94,15.08,13.270827,119200,312
2019-05-14,15.15,15.46,15.02,15.38,13.534835,148700,313
2019-05-15,15.16,15.51,15.06,15.44,13.587636,153100,314
2019-05-16,15.58,15.7,15.32,15.42,13.570036,105400,315
2019-05-17,15.25,15.37,15.12,15.13,13.314829,115400,316
2019-05-20,15.03,15.03,14.76,14.82,13.04202,120600,317
2019-05-21,14.92,15.7,14.9,15.48,13.622838,172100,318
2019-05-22,15.45,15.46,15.07,15.23,13.402832,147600,319
2019-05-23,14.98,15.04,14.51,14.67,12.910016,188000,320
2019-05-24,14.77,15.11,14.6,15.1,13.288428,129800,321
2019-05-28,15.11,15.27,14.99,15.05,13.244427,185500,322
2019-05-29,14.91,15.19,14.86,15.09,13.279628,146200,323
2019-05-30,15.21,15.27,14.69,14.88,13.094822,115500,324
2019-05-31,14.59,14.76,14.48,14.58,12.830812,118600,325
2019-06-03,14.69,15.42,14.63,15.39,13.543635,215900,326
2019-06-04,15.6,15.89,15.55,15.89,13.98365,109100,327
2019-06-05,15.87,16,15.68,15.99,14.071651,113300,328
2019-06-06,15.99,16.32,15.99,16.040001,14.115654,168900,329
2019-06-07,16.07,16.639999,16.049999,16.450001,14.476467,175900,330
2019-06-10,16.59,16.709999,16.129999,16.23,14.282858,93400,331
2019-06-11,16.41,16.5,16.16,16.23,14.282858,94500,332
2019-06-12,16.16,16.75,16.120001,16.639999,14.64367,148000,333
2019-06-13,16.75,16.950001,16.49,16.57,14.582067,184000,334
2019-06-14,16.51,16.51,16.01,16.01,14.089253,99600,335
2019-06-17,16.030001,16.07,15.85,15.88,13.97485,100600,336
2019-06-18,15.99,16.459999,15.88,16.370001,14.406063,140900,337
2019-06-19,16.219999,16.34,15.96,16,14.080452,127900,338
2019-06-20,16.24,16.360001,16.129999,16.18,14.238859,155200,339
2019-06-21,16.08,16.09,15.56,15.6,13.728442,312700,340
2019-06-24,15.6,15.83,15.56,15.58,13.710842,181700,341
2019-06-25,15.64,16.08,15.6,15.92,14.010051,183600,342
2019-06-26,16,16.139999,15.9,15.96,14.045251,107100,343
2019-06-27,16.01,16.41,16.01,16.41,14.441265,156700,344
2019-06-28,16.43,16.92,16.43,16.879999,14.854877,389400,345
2019-07-01,16.950001,17.040001,16.780001,16.860001,14.837279,179400,346
2019-07-02,16.75,16.75,16.15,16.32,14.473661,127500,347
2019-07-03,16.360001,16.389999,16.25,16.33,14.482532,59900,348
2019-07-05,16.18,16.57,16.139999,16.530001,14.659905,88600,349
2019-07-08,16.450001,16.68,16.450001,16.629999,14.748591,185100,350
2019-07-09,16.549999,16.6,16.35,16.48,14.615561,79300,351
2019-07-10,16.620001,16.82,16.58,16.59,14.713118,95300,352
2019-07-11,16.559999,16.57,16.17,16.299999,14.455925,102400,353
2019-07-12,16.33,16.559999,16.25,16.379999,14.526875,149100,354
2019-07-15,16.33,16.379999,15.43,16.110001,14.287421,179100,355
2019-07-16,16.290001,16.709999,16.25,16.42,14.562349,158400,356
2019-07-17,16.42,16.469999,15.99,16.02,14.207602,104700,357
2019-07-18,16.030001,16.07,15.83,15.93,14.127784,191200,358
2019-07-19,15.9,16.24,15.9,16.129999,14.305158,365000,359
2019-07-22,16.129999,16.58,16.09,16.57,14.695379,119400,360
2019-07-23,16.719999,17.18,16.68,16.9,14.988046,423200,361
2019-07-24,16.9,17.280001,16.9,17.129999,15.192023,326800,362
2019-07-25,17.120001,17.33,16.809999,16.809999,14.908227,273900,363
2019-07-26,16.91,17.129999,16.809999,16.950001,15.032389,250900,364
2019-07-29,16.950001,17.01,16.85,17.01,15.0856,227200,365
2019-07-30,15.8,16.98,14.99,16.84,14.934833,708500,366
2019-07-31,16.809999,17.370001,16.290001,16.32,14.473661,363100,367
2019-08-01,16.33,16.51,15.52,15.67,13.8972,220400,368
2019-08-02,15.5,15.67,15.1,15.17,13.453768,215700,369
2019-08-05,14.85,15.1,14.5,14.67,13.010333,228300,370
2019-08-06,14.7,14.83,14.34,14.62,12.965988,141600,371
2019-08-07,14.35,14.72,13.95,14.59,12.939383,362600,372
2019-08-08,14.71,15.05,14.66,14.71,13.045806,204900,373
2019-08-09,14.65,14.74,14.1,14.2,12.593506,175600,374
2019-08-12,14.04,14.17,13.89,13.94,12.362921,131700,375
2019-08-13,13.88,14.36,13.88,14.08,12.487081,170200,376
2019-08-14,13.75,13.92,13.66,13.7,12.150071,149900,377
2019-08-15,13.69,13.77,13.26,13.27,11.768719,128800,378
2019-08-16,13.37,13.96,13.26,13.93,12.354052,424900,379
2019-08-19,14.17,14.45,14.08,14.13,12.531424,143800,380
2019-08-20,14.17,14.3,14.07,14.16,12.558031,238100,381
2019-08-21,14.38,14.65,14.26,14.51,12.868436,187500,382
2019-08-22,14.6,14.69,14.4,14.41,12.779748,159400,383
2019-08-23,14.26,14.43,13.8,13.85,12.283103,170600,384
2019-08-26,14.03,14.13,13.94,14.13,12.531424,104300,385
2019-08-27,14.27,14.4,13.69,13.7,12.150071,214500,386
2019-08-28,13.68,14.4,13.63,14.17,12.566898,116900,387
2019-08-29,14.4,14.57,14.33,14.42,12.788616,105300,388
2019-08-30,14.61,14.73,14.29,14.38,12.75314,125800,389
2019-09-03,14.24,14.39,13.95,14.09,12.49595,186300,390
2019-09-04,14.35,14.5,14.23,14.32,12.69993,83200,391
2019-09-05,14.59,15.17,14.54,14.89,13.205442,148700,392
2019-09-06,14.87,15.03,14.67,14.68,13.0192,85400,393
2019-09-09,14.78,15.11,14.65,15,13.302999,124000,394
2019-09-10,14.97,15.56,14.97,15.49,13.737563,152300,395
2019-09-11,15.59,15.96,15.54,15.96,14.154389,186700,396
2019-09-12,15.88,15.97,15.52,15.92,14.118916,133200,397
2019-09-13,16,16.35,15.94,15.95,14.145522,200900,398
2019-09-16,15.88,16.049999,15.46,15.8,14.012492,90800,399
2019-09-17,15.66,15.7,15.34,15.63,13.861724,99000,400
2019-09-18,15.55,15.8,15.44,15.57,13.808512,141700,401
2019-09-19,15.55,15.85,15.27,15.35,13.613401,133500,402
2019-09-20,15.37,15.64,15.04,15.07,13.365079,464500,403
2019-09-23,14.98,15.41,14.95,15.28,13.551322,144500,404
2019-09-24,15.24,15.5,15.11,15.13,13.418291,223600,405
2019-09-25,15.13,15.79,15.13,15.72,13.941544,137000,406
2019-09-26,15.72,15.84,15.33,15.43,13.684352,96400,407
2019-09-27,15.53,15.72,15.38,15.43,13.684352,107800,408
2019-09-30,15.5,15.57,15.37,15.39,13.648877,134700,409
2019-10-01,15.6,15.66,14.78,14.94,13.249786,151300,410
2019-10-02,14.66,14.81,14.27,14.38,12.865086,144400,411
2019-10-03,14.35,14.37,14.01,14.16,12.668263,141400,412
2019-10-04,14.18,14.42,13.78,14.38,12.865086,167200,413
2019-10-07,14.32,14.37,14.07,14.23,12.730889,175200,414
2019-10-08,14.04,14.19,13.72,13.77,12.319349,185000,415
2019-10-09,13.94,14.09,13.76,13.78,12.328297,512200,416
2019-10-10,13.88,14.25,13.88,14.1,12.614585,405500,417
2019-10-11,14.37,15.18,14.37,14.69,13.142427,272200,418
2019-10-14,14.52,14.76,14.41,14.47,12.945605,263900,419
2019-10-15,14.57,14.81,14.33,14.63,13.088749,268900,420
2019-10-16,14.47,14.79,14.34,14.7,13.151375,223500,421
2019-10-17,14.71,14.83,14.65,14.73,13.178214,277400,422
2019-10-18,14.7,15.08,14.66,15.02,13.437664,214400,423
2019-10-21,15.28,15.58,15.14,15.25,13.643434,122500,424
2019-10-22,15.13,15.35,14.94,15.28,13.670273,119100,425
2019-10-23,15.37,15.66,15.2,15.51,13.876043,84300,426
2019-10-24,15.54,15.61,15.1,15.26,13.652379,115000,427
2019-10-25,15.29,15.6,15.13,15.48,13.849202,150600,428
2019-10-28,15.54,15.86,15.54,15.72,14.063919,115000,429
2019-10-29,15.71,17.379999,15.31,17.35,15.522202,347400,430
2019-10-30,17.280001,17.68,16.790001,17.540001,15.692183,323400,431
2019-10-31,17.59,18.17,17.42,18,16.103725,308800,432
2019-11-01,18.190001,18.26,17.790001,18.15,16.237923,241400,433
2019-11-04,18.42,18.51,18.02,18.290001,16.363173,212000,434
2019-11-05,18.379999,19.030001,18.379999,18.76,16.783661,173600,435
2019-11-06,18.790001,19,18.34,18.379999,16.443693,190400,436
2019-11-07,18.629999,18.67,18.32,18.629999,16.667351,123700,437
2019-11-08,18.59,18.84,18.469999,18.629999,16.667351,128200,438
2019-11-11,18.42,18.49,18.25,18.360001,16.425797,155100,439
2019-11-12,18.34,18.549999,18.17,18.18,16.264763,188900,440
2019-11-13,18,18.34,17.93,18.16,16.246866,215700,441
2019-11-14,18.110001,18.190001,17.99,18.120001,16.211082,173500,442
2019-11-15,18.27,18.309999,17.68,17.82,15.942688,206900,443
2019-11-18,17.83,18.17,17.75,17.9,16.014263,198500,444
2019-11-19,18,18.200001,17.9,17.91,16.023203,169900,445
2019-11-20,17.780001,17.98,17.530001,17.6,15.745861,338700,446
2019-11-21,17.709999,17.77,17.58,17.58,15.727972,200200,447
2019-11-22,17.74,17.780001,17.450001,17.459999,15.620611,151700,448
2019-11-25,17.49,17.950001,17.469999,17.940001,16.050043,318100,449
2019-11-26,17.84,18.17,17.799999,18.01,16.112669,155600,450
2019-11-27,18.15,18.219999,17.940001,18.219999,16.300547,89400,451
2019-11-29,18.299999,18.33,17.799999,17.85,15.969527,61300,452
2019-12-02,17.92,18.01,17.75,17.85,15.969527,149000,453
2019-12-03,17.59,17.91,17.450001,17.82,15.942688,184500,454
2019-12-04,17.969999,18.469999,17.969999,18.129999,16.220026,218000,455
2019-12-05,18.16,18.290001,18.040001,18.18,16.264763,262900,456
2019-12-06,18.469999,18.76,18.440001,18.459999,16.515261,254400,457
2019-12-09,18.5,18.959999,18.5,18.92,16.926807,265300,458
2019-12-10,18.870001,18.99,18.469999,18.66,16.694195,193400,459
2019-12-11,18.82,18.870001,18.620001,18.67,16.70314,223000,460
2019-12-12,18.700001,18.9,18.51,18.57,16.613676,259400,461
2019-12-13,18.610001,18.799999,18.33,18.49,16.542103,144800,462
2019-12-16,18.67,18.67,18.190001,18.299999,16.37212,213200,463
2019-12-17,18.370001,18.440001,18.15,18.25,16.327387,435500,464
2019-12-18,18.360001,18.43,18.209999,18.389999,16.452635,544600,465
2019-12-19,18.52,18.59,18.33,18.450001,16.506319,199200,466
2019-12-20,18.440001,18.530001,18.030001,18.42,16.479481,1009200,467
2019-12-23,18.200001,18.43,17.870001,18.299999,16.37212,234700,468
2019-12-24,18.290001,18.49,18.24,18.440001,16.49737,43700,469
2019-12-26,18.5,18.57,18.209999,18.280001,16.354225,87300,470
2019-12-27,18.280001,18.309999,18.07,18.25,16.327387,128800,471
2019-12-30,18.25,18.42,18.209999,18.33,16.398956,139800,472
2019-12-31,18.33,18.58,18.26,18.299999,16.37212,146400,473
2020-01-02,18.32,18.389999,17.77,17.889999,16.119822,193900,474
2020-01-03,17.549999,17.879999,17.49,17.639999,15.894561,217900,475
2020-01-06,17.459999,17.530001,16.92,17.059999,15.371951,208600,476
2020-01-07,16.93,17.32,16.879999,17.18,15.480079,220000,477
2020-01-08,17.18,17.58,17.18,17.530001,15.795447,142100,478
2020-01-09,17.549999,17.65,17.34,17.4,15.678308,149500,479
2020-01-10,17.51,17.690001,17.01,17.040001,15.353929,124500,480
2020-01-13,17.02,17.379999,16.9,17.370001,15.651278,150400,481
2020-01-14,17.34,17.469999,17.190001,17.450001,15.723361,156500,482
2020-01-15,17.34,17.610001,17.190001,17.370001,15.651278,342700,483
2020-01-16,17.5,18.15,17.440001,18.1,16.309046,166800,484
2020-01-17,18.23,18.23,17.84,17.870001,16.101801,116800,485
2020-01-21,17.610001,17.870001,16.98,17.08,15.389973,157400,486
2020-01-22,17.110001,17.309999,16.99,17.26,15.552162,96300,487
2020-01-23,17.16,17.58,16.91,17.57,15.83149,408800,488
2020-01-24,17.450001,17.67,16.85,17,15.317887,168500,489
2020-01-27,16.5,17.25,16.459999,17,15.317887,136300,490
2020-01-28,17.23,17.23,16.98,17.030001,15.344919,114300,491
2020-01-29,16.969999,17.35,16.809999,16.84,15.173717,105500,492
2020-01-30,16.690001,16.82,16.440001,16.809999,15.146688,78100,493
2020-01-31,16.639999,16.940001,16.620001,16.700001,15.047574,152200,494
2020-02-03,16.76,16.99,16.690001,16.870001,15.20075,160800,495
2020-02-04,17.129999,17.17,16.82,16.860001,15.19174,108500,496
2020-02-05,17.09,17.66,17.09,17.620001,15.876541,188800,497
2020-02-06,17.85,18.120001,17.219999,17.870001,16.101801,206700,498
2020-02-07,17.629999,17.84,17.049999,17.360001,15.642266,221500,499
2020-02-10,17.23,17.530001,17.15,17.23,15.525129,195600,500
2020-02-11,17.309999,17.76,17.25,17.5,15.768414,206600,501
2020-02-12,17.58,17.700001,17.290001,17.309999,15.597211,133200,502
2020-02-13,17.23,17.389999,17.09,17.290001,15.579197,102300,503
2020-02-14,17.309999,17.43,16.82,16.870001,15.20075,83800,504
2020-02-18,16.780001,16.92,16.469999,16.52,14.885383,79200,505
2020-02-19,16.57,16.610001,16.23,16.280001,14.66913,176200,506
2020-02-20,16.209999,16.690001,16.209999,16.440001,14.813298,104700,507
2020-02-21,16.360001,16.51,16,16.389999,14.768247,184200,508
2020-02-24,15.89,16.200001,15.59,16.129999,14.533973,147200,509
2020-02-25,16.219999,16.219999,15.21,15.21,13.705005,158900,510
2020-02-26,15.24,15.4,15.03,15.09,13.596877,132600,511
2020-02-27,14.77,15.48,14.61,14.64,13.191404,159400,512
2020-02-28,14.14,14.61,13.88,14.26,12.849005,307000,513
2020-03-02,14.34,14.55,14.07,14.47,13.038226,190400,514
2020-03-03,14.45,15.08,14.23,14.28,12.867026,200500,515
2020-03-04,14.54,14.9,14.38,14.9,13.425678,135500,516
2020-03-05,14.46,14.47,13.81,14.1,12.704836,196900,517
2020-03-06,13.65,14.2,13.47,13.78,12.4165,163000,518
2020-03-09,13.28,13.28,11.76,11.8,10.632417,201600,519
2020-03-10,12.29,12.42,11.49,12.3,11.082942,149400,520
2020-03-11,11.9,12.02,11.08,11.39,10.262984,252800,521
2020-03-12,10.51,10.79,9.93,10.22,9.208754,287600,522
2020-03-13,10.72,11.4,9.94,11.4,10.271995,305600,523
2020-03-16,10.9,10.9,9.93,10.11,9.109639,314100,524
2020-03-17,10.33,11.26,9.7,11.23,10.118814,329600,525
2020-03-18,10.73,11.46,10.18,11.17,10.064755,401700,526
2020-03-19,11.19,12.09,10.57,11.65,10.497257,336300,527
2020-03-20,11.59,11.59,9.74,10.64,9.587198,535300,528
2020-03-23,10.52,10.96,9.44,9.92,8.938439,321500,529
2020-03-24,10.42,10.88,9.74,10.34,9.316881,278700,530
2020-03-25,10.3,10.89,9.67,10.44,9.406984,206300,531
2020-03-26,10.31,11.52,10.31,11.49,10.35309,182200,532
2020-03-27,10.95,12.26,10.8,11.73,10.569342,246400,533
2020-03-30,11.88,12.37,11.64,12.33,11.109974,259800,534
2020-03-31,12.25,12.36,12,12.22,11.010857,308300,535
2020-04-01,11.75,12.17,11.15,11.34,10.217932,260100,536
2020-04-02,11.34,12.84,11.18,12.71,11.585185,350300,537
2020-04-03,12.5,12.58,11.09,11.61,10.582533,285600,538
2020-04-06,12.07,12.53,11.93,12.39,11.293505,195400,539
2020-04-07,12.67,12.94,12.01,12.37,11.275273,296700,540
2020-04-08,12.56,13.24,12.5,12.97,11.822174,187400,541
2020-04-09,13.3,13.92,12.7,13.24,12.06828,224600,542
2020-04-13,13.05,13.52,12.94,13.26,12.086511,140500,543
2020-04-14,13.46,13.54,12.9,12.96,11.813061,221600,544
2020-04-15,12.31,12.62,12.16,12.24,11.156777,227600,545
2020-04-16,12.13,12.52,11.68,12.09,11.020053,270700,546
2020-04-17,12.61,13.2,12.54,13.14,11.977131,154300,547
2020-04-20,12.68,13.27,12.48,12.59,11.475803,162800,548
2020-04-21,12.4,12.84,12.26,12.61,11.494033,166000,549
2020-04-22,12.99,12.99,12.34,12.47,11.366424,210600,550
2020-04-23,12.38,13.18,12.38,13.01,11.858635,204600,551
2020-04-24,13.2,13.39,12.67,13.06,11.904211,155800,552
2020-04-27,13.19,14.37,13.13,14.16,12.906861,232700,553
2020-04-28,14.63,15.41,14.45,15.13,13.791017,280800,554
2020-04-29,15.58,15.88,15.17,15.66,14.274114,320600,555
2020-04-30,15.19,15.19,14.57,14.6,13.307922,152800,556
2020-05-01,14.16,14.36,13.83,14.36,13.089161,189100,557
2020-05-04,14.08,14.43,13.97,14.15,12.897746,141600,558
2020-05-05,15.44,16.040001,14.95,15.29,13.936859,307700,559
2020-05-06,15.21,15.53,13.76,13.96,12.724561,236000,560
2020-05-07,14.22,14.36,13.93,14.15,12.897746,142800,561
2020-05-08,14.67,14.99,14.55,14.9,13.581372,166900,562
2020-05-11,14.5,14.62,13.89,14.33,13.061816,219400,563
2020-05-12,14.26,14.36,13.87,13.89,12.660756,232700,564
2020-05-13,13.65,13.65,13.26,13.49,12.296156,130000,565
2020-05-14,13.07,13.61,12.6,13.59,12.387307,152800,566
2020-05-15,13.63,13.82,13.36,13.69,12.478455,134100,567
2020-05-18,14.36,14.84,14.22,14.76,13.453763,166100,568
2020-05-19,14.53,14.78,14.28,14.4,13.125621,167500,569
2020-05-20,14.75,15.04,14.51,14.81,13.499338,176400,570
2020-05-21,14.71,15.1,14.59,14.65,13.353498,156100,571
2020-05-22,14.79,14.95,14.53,14.9,13.581372,118000,572
2020-05-26,15.29,16.030001,15.21,15.98,14.565794,209700,573
2020-05-27,16.5,16.799999,15.94,16.66,15.185616,160400,574
2020-05-28,17,17,15.8,15.88,14.474645,195700,575
2020-05-29,15.59,15.78,15.22,15.41,14.046239,176300,576
2020-06-01,15.52,16.030001,15.36,15.53,14.155618,208300,577
2020-06-02,15.82,16.379999,15.63,16.15,14.720748,162000,578
2020-06-03,16.629999,17.030001,16.42,16.610001,15.140041,145500,579
2020-06-04,16.290001,16.99,16.25,16.98,15.477297,162200,580
2020-06-05,17.23,18.02,17.110001,17.690001,16.12446,262600,581
2020-06-08,18,18.4,17.73,18.18,16.5711,168700,582
2020-06-09,17.85,18.16,17.49,17.610001,16.051542,186300,583
2020-06-10,17.4,17.66,16.610001,16.65,15.176498,110800,584
2020-06-11,15.06,16.110001,15,15.17,13.827478,184400,585
2020-06-12,15.93,16.030001,15.06,15.55,14.173849,148900,586
2020-06-15,14.96,16.25,14.91,16.15,14.720748,215700,587
2020-06-16,16.950001,16.950001,16.15,16.309999,14.86659,158200,588
2020-06-17,16.200001,16.389999,15.62,15.65,14.264998,155800,589
2020-06-18,15.36,15.86,15.36,15.62,14.237655,112400,590
2020-06-19,15.87,16.049999,15.56,15.84,14.438183,667900,591
2020-06-22,15.63,15.75,15.12,15.23,13.882168,220600,592
2020-06-23,15.55,15.56,14.85,15.11,13.772787,174300,593
2020-06-24,14.82,15.04,14.51,14.81,13.499338,180900,594
2020-06-25,14.62,15.07,14.43,15.02,13.690754,212800,595
2020-06-26,14.84,15.04,14.49,14.73,13.426418,316000,596
2020-06-29,14.99,15.98,14.99,15.71,14.319689,178900,597
2020-06-30,15.65,16.120001,15.65,16.049999,14.629599,172100,598
2020-07-01,15.91,16.07,15.22,15.31,14.073463,94700,599
2020-07-02,15.71,15.88,15.58,15.69,14.422771,133200,600
2020-07-06,16.07,16.15,15.4,15.5,14.248118,142300,601
2020-07-07,15.27,15.63,15.2,15.34,14.101041,131500,602
2020-07-08,15.23,15.44,14.75,15.42,14.17458,209900,603
2020-07-09,15.44,15.48,14.93,14.99,13.779307,211500,604
2020-07-10,15.03,15.76,14.98,15.75,14.477927,135200,605
2020-07-13,15.81,15.85,15.43,15.45,14.202155,110600,606
2020-07-14,15.49,16.1,15.4,16.059999,14.762889,143400,607
2020-07-15,16.620001,16.620001,16.219999,16.299999,14.983504,173800,608
2020-07-16,16.290001,16.49,16.17,16.370001,15.047852,83500,609
2020-07-17,16.370001,16.57,16.200001,16.32,15.001889,113100,610
2020-07-20,16.18,16.4,16.059999,16.32,15.001889,80900,611
2020-07-21,16.48,16.860001,16.200001,16.27,14.955928,134800,612
2020-07-22,16.059999,16.48,16.059999,16.23,14.919158,99800,613
2020-07-23,16.129999,16.610001,16.129999,16.42,15.093812,88900,614
2020-07-24,16.389999,16.58,16.32,16.43,15.103005,95900,615
2020-07-27,16.49,16.889999,16.290001,16.719999,15.36958,96100,616
2020-07-28,16.540001,16.75,16.290001,16.33,15.011081,133500,617
2020-07-29,16.35,16.91,16.35,16.870001,15.507467,112900,618
2020-07-30,16.639999,16.76,16.209999,16.24,14.92835,68000,619
2020-07-31,16.049999,16.290001,15.65,15.93,14.643389,146700,620
2020-08-03,16.15,16.469999,15.94,16.370001,15.047852,112800,621
2020-08-04,16.219999,16.43,15.6,16.110001,14.80885,111400,622
2020-08-05,16.219999,16.219999,15.9,16,14.707734,109000,623
2020-08-06,16.040001,16.200001,15.75,15.82,14.542271,85500,624
2020-08-07,15.64,16.290001,15.64,16.280001,14.96512,195800,625
2020-08-10,16.360001,17.01,16.360001,16.57,15.231699,193800,626
2020-08-11,16.969999,17.290001,16.57,16.639999,15.296043,240900,627
2020-08-12,16.870001,17.040001,16.620001,16.719999,15.36958,188100,628
2020-08-13,16.549999,16.889999,16.49,16.540001,15.204121,112700,629
2020-08-14,16.370001,16.639999,16.27,16.6,15.259274,144300,630
2020-08-17,16.58,16.799999,16.42,16.469999,15.139771,83300,631
2020-08-18,16.370001,16.530001,15.95,16.030001,14.735312,160300,632
2020-08-19,16.129999,16.360001,15.76,15.85,14.569849,149600,633
2020-08-20,15.6,15.9,15.39,15.43,14.183772,107900,634
2020-08-21,15.21,15.39,14.98,15.13,13.908001,138600,635
2020-08-24,15.32,15.95,15.11,15.73,14.45954,156400,636
2020-08-25,15.91,16,15.24,15.35,14.110234,119800,637
2020-08-26,15.22,15.48,15.09,15.37,14.128617,120000,638
2020-08-27,15.47,15.62,15.05,15.24,14.009117,113000,639
2020-08-28,15.43,15.53,15.17,15.49,14.238926,149400,640
2020-08-31,15.48,15.48,14.97,14.99,13.779307,163300,641
2020-09-01,14.85,15.49,14.77,15.4,14.156194,123400,642
2020-09-02,15.35,15.54,15.15,15.48,14.229733,104400,643
2020-09-03,15.53,15.61,14.92,15.03,13.816078,155800,644
2020-09-04,15.35,15.42,14.87,15.07,13.852847,149300,645
2020-09-08,15.07,15.15,14.49,14.5,13.328884,262300,646
2020-09-09,14.6,14.65,13.87,14.23,13.08069,272800,647
2020-09-10,14.31,14.31,13.78,13.81,12.694613,200500,648
2020-09-11,13.85,14.06,13.66,13.82,12.703805,136500,649
2020-09-14,13.9,14.25,13.81,14.17,13.025537,182600,650
2020-09-15,14.22,14.74,14.07,14.61,13.43,294900,651
2020-09-16,14.6,14.95,14.3,14.34,13.181808,319800,652
2020-09-17,14.13,14.39,13.86,14.24,13.089883,253900,653
2020-09-18,14.29,14.44,13.9,13.99,12.860074,630400,654
2020-09-21,13.75,13.81,13.13,13.37,12.290151,276000,655
2020-09-22,13.37,13.5,13.22,13.44,12.354495,176900,656
2020-09-23,13.39,13.51,13,13,11.950035,193900,657
2020-09-24,13.06,13.41,12.91,13.15,12.087918,117300,658
2020-09-25,13.15,13.61,13.09,13.59,12.492383,186100,659
2020-09-28,13.81,14.02,13.73,13.78,12.667037,227700,660
2020-09-29,13.76,13.98,13.44,13.73,12.621074,126100,661
2020-09-30,13.79,14,13.68,13.77,12.657845,150400,662
2020-10-01,13.85,14.03,13.71,13.89,12.768152,149900,663
2020-10-02,13.47,14,13.47,13.87,12.874901,120400,664
2020-10-05,14.01,14.5,14.01,14.14,13.125531,131000,665
2020-10-06,14.34,14.61,14.04,14.08,13.069835,163300,666
2020-10-07,14.3,14.35,13.99,14.24,13.218356,199500,667
2020-10-08,14.42,14.65,14.11,14.23,13.209072,136600,668
2020-10-09,14.39,14.51,14.19,14.37,13.339028,149100,669
2020-10-12,14.38,14.78,14.38,14.74,13.682484,113600,670
2020-10-13,14.56,14.76,14.25,14.44,13.404006,299000,671
2020-10-14,14.41,14.64,14.26,14.33,13.301899,118000,672
2020-10-15,14.15,14.76,14.1,14.74,13.682484,139300,673
2020-10-16,14.76,15.07,14.62,14.7,13.645353,176200,674
2020-10-19,14.65,14.83,14.24,14.26,13.236921,94300,675
2020-10-20,14.39,14.66,14.26,14.58,13.533963,285600,676
2020-10-21,14.57,14.87,14.45,14.67,13.617506,183300,677
2020-10-22,14.78,15.13,14.53,14.82,13.756744,212600,678
2020-10-23,14.89,15.15,14.83,14.87,13.803158,90500,679
2020-10-26,14.64,14.74,14.02,14.28,13.255486,215400,680
2020-10-27,14.23,14.44,13.93,13.97,12.967728,174500,681
2020-10-28,13.7,13.9,13.49,13.73,12.744946,187400,682
2020-10-29,13.8,14.31,13.63,14.22,13.199791,204700,683
2020-10-30,14.15,14.44,14.13,14.27,13.246204,182100,684
2020-11-02,14.46,14.61,14.25,14.41,13.376159,210700,685
2020-11-03,14.74,14.95,14.54,14.66,13.608223,156900,686
2020-11-04,14.3,14.54,13.85,14.04,13.032705,115200,687
2020-11-05,13.98,14.61,13.95,14.35,13.320464,104500,688
2020-11-06,14.56,14.67,14.09,14.12,13.106964,97800,689
2020-11-09,14.82,16.26,13.14,13.44,12.47575,447700,690
2020-11-10,13.8,14.84,13.72,14.46,13.422574,252200,691
2020-11-11,14.45,14.51,13.9,14.26,13.236921,132500,692
2020-11-12,14.06,14.39,13.78,14.38,13.348311,179000,693
2020-11-13,14.53,14.97,14.37,14.81,13.747462,184600,694
2020-11-16,15.17,15.91,14.97,15.88,14.740695,240500,695
2020-11-17,15.72,16.030001,15.31,15.99,14.842803,262900,696
2020-11-18,16,16.110001,15.81,15.91,14.768544,299600,697
2020-11-19,15.78,16,15.49,15.85,14.712847,175800,698
2020-11-20,15.64,15.86,15.16,15.78,14.64787,151600,699
2020-11-23,15.99,16.190001,15.91,16.040001,14.889215,116200,700
2020-11-24,16.16,16.93,16.1,16.85,15.641103,271400,701
2020-11-25,16.709999,16.809999,16.27,16.709999,15.511147,149000,702
2020-11-27,16.610001,16.66,16.41,16.639999,15.446168,62500,703
2020-11-30,16.51,16.639999,16.030001,16.08,14.926345,367100,704
2020-12-01,16.43,16.66,16.200001,16.24,15.074866,156400,705
2020-12-02,16.209999,16.41,15.94,16.309999,15.139844,161400,706
2020-12-03,16.440001,16.52,15.99,16.059999,14.907782,104400,707
2020-12-04,16.190001,16.66,16.110001,16.65,15.455449,88600,708
2020-12-07,16.67,16.9,16.440001,16.780001,15.576125,129900,709
2020-12-08,16.559999,17.15,16.5,17.120001,15.891732,140200,710
2020-12-09,17.299999,17.49,17.1,17.25,16.012405,95200,711
2020-12-10,17.059999,17.24,16.75,16.799999,15.594688,230000,712
2020-12-11,16.65,17,16.65,16.91,15.696798,78100,713
2020-12-14,17.02,17.200001,16.57,16.6,15.409039,122800,714
2020-12-15,16.799999,17.190001,16.610001,17.139999,15.910295,108600,715
2020-12-16,17.139999,17.33,17.040001,17.08,15.854602,206600,716
2020-12-17,17.200001,17.200001,16.85,16.959999,15.74321,206400,717
2020-12-18,17.040001,17.440001,17.02,17.139999,15.910295,840500,718
2020-12-21,16.73,17.02,16.6,16.9,15.687515,172700,719
2020-12-22,16.91,17.23,16.68,16.84,15.631818,254200,720
2020-12-23,16.99,17.1,16.59,17,15.78034,268600,721
2020-12-24,17.110001,17.139999,16.719999,16.84,15.631818,33600,722
2020-12-28,17.110001,17.25,16.860001,16.92,15.706079,153400,723
2020-12-29,17.01,17.02,16.379999,16.43,15.251236,117400,724
2020-12-30,16.51,16.809999,16.41,16.540001,15.353342,92900,725
2020-12-31,16.459999,16.5,16.299999,16.379999,15.329946,99200,726
2021-01-04,16.610001,16.73,16.07,16.280001,15.236357,129200,727
2021-01-05,16.25,17,16.25,16.870001,15.788533,137100,728
2021-01-06,17.5,19.040001,17.27,18.59,17.398272,345500,729
2021-01-07,19.040001,19.07,18.190001,18.67,17.473146,172800,730
2021-01-08,18.74,18.74,17.620001,17.870001,16.724428,107800,731
2021-01-11,17.639999,18.280001,17.459999,18.18,17.014555,88900,732
2021-01-12,18.15,18.6,17.969999,18.52,17.33276,98900,733
2021-01-13,18.49,18.6,18.18,18.48,17.295324,114200,734
2021-01-14,18.6,18.870001,18.360001,18.42,17.23917,114400,735
2021-01-15,18.049999,18.610001,17.98,18.379999,17.201735,155800,736
2021-01-19,18.620001,18.92,18.290001,18.85,17.641603,245800,737
2021-01-20,18.860001,19.48,18.809999,18.950001,17.735195,230300,738
2021-01-21,18.93,18.93,18.27,18.389999,17.211094,115200,739
2021-01-22,18.110001,18.33,17.860001,18.33,17.15494,130100,740
2021-01-25,18.07,18.32,17.639999,17.889999,16.743143,101200,741
2021-01-26,18.059999,18.290001,17.52,17.700001,16.565329,125200,742
2021-01-27,17.23,17.23,16.25,16.32,15.273791,199800,743
2021-01-28,16.559999,16.59,16.040001,16.17,15.133408,255100,744
2021-01-29,16.18,16.4,15.64,15.65,14.646743,218300,745
2021-02-01,15.74,16.24,15.35,15.98,14.955587,169400,746
2021-02-02,16.209999,16.25,15.86,16.190001,15.152125,134400,747
2021-02-03,16.049999,16.16,15.67,15.97,14.94623,157600,748
2021-02-04,16.200001,16.450001,15.54,16.280001,15.236357,228100,749
2021-02-05,16.51,16.620001,15.97,16.16,15.124049,180500,750
2021-02-08,16.25,16.639999,16.15,16.48,15.423535,193700,751
2021-02-09,16.309999,16.629999,16.299999,16.4,15.348663,221800,752
2021-02-10,16.5,16.58,16.030001,16.1,15.067895,178500,753
2021-02-11,16.190001,16.27,15.7,16.1,15.067895,251700,754
2021-02-12,15.99,16.459999,15.84,16.42,15.367382,232900,755
2021-02-16,16.57,16.57,15.91,16.43,15.376741,266000,756
2021-02-17,16.32,16.48,15.97,16.049999,15.021099,128000,757
2021-02-18,15.95,16.110001,15.39,15.4,14.412769,191900,758
2021-02-19,15.5,15.97,15.5,15.84,14.824563,135700,759
2021-02-22,15.65,16.15,15.65,15.96,14.93687,140700,760
2021-02-23,15.88,16.059999,15.63,15.66,14.656102,180700,761
2021-02-24,15.77,16.370001,15.74,16.35,15.301869,175800,762
2021-02-25,16.25,16.67,16.110001,16.34,15.292511,163500,763
2021-02-26,16.209999,16.370001,15.97,16.049999,15.021099,276100,764
2021-03-01,16.34,16.49,16.09,16.33,15.283151,139100,765
2021-03-02,16.35,16.459999,16.030001,16.120001,15.086616,105200,766
2021-03-03,16.25,16.620001,16.209999,16.5,15.442253,183300,767
2021-03-04,16.49,16.91,16.459999,16.790001,15.713663,300900,768
2021-03-05,17,17.42,16.780001,17.42,16.303276,216200,769
2021-03-08,17.51,18.17,17.450001,18.049999,16.892889,239000,770
2021-03-09,18.049999,18.190001,17.51,18.030001,16.874174,177500,771
2021-03-10,18.01,18.389999,17.93,18.139999,16.977119,171000,772
2021-03-11,18.290001,18.4,18.040001,18.299999,17.12686,147600,773
2021-03-12,18.42,18.48,18.129999,18.450001,17.267248,121600,774
2021-03-15,18.309999,18.309999,17.719999,18.030001,16.874174,175300,775
2021-03-16,17.879999,17.879999,17.4,17.610001,16.481094,136600,776
2021-03-17,17.59,18.1,17.52,17.809999,16.668274,99500,777
2021-03-18,17.85,18.41,17.74,17.82,16.677635,191300,778
2021-03-19,17.809999,17.84,17.120001,17.57,16.443659,862300,779
2021-03-22,17.51,17.51,17.02,17.34,16.228403,220100,780
2021-03-23,17.1,17.200001,16.35,16.549999,15.489046,215100,781
2021-03-24,16.73,17.209999,16.49,16.530001,15.47033,347100,782
2021-03-25,16.4,16.969999,15.4,16.700001,15.629434,845800,783
2021-03-26,17.01,18.110001,16.950001,17.5,16.378147,445900,784
2021-03-29,17.370001,17.82,17.25,17.459999,16.34071,280100,785
2021-03-30,17.469999,17.870001,17.450001,17.530001,16.406225,210700,786
2021-03-31,17.42,17.690001,17.040001,17.15,16.17515,255400,787
2021-04-01,17.25,17.34,16.959999,17.26,16.278898,183100,788
2021-04-05,17.43,17.440001,17.15,17.4,16.41094,150500,789
2021-04-06,17.41,17.559999,17.24,17.25,16.269468,177400,790
2021-04-07,17.23,17.299999,17.02,17.059999,16.090265,118200,791
2021-04-08,17.07,17.07,16.52,16.969999,16.005383,183300,792
2021-04-09,17.08,17.16,16.719999,16.83,15.873339,176900,793
2021-04-12,16.870001,17.299999,16.809999,17.120001,16.146858,164400,794
2021-04-13,17.110001,17.110001,16.68,16.98,16.014816,193800,795
2021-04-14,17.059999,17.389999,16.98,17.129999,16.156286,101000,796
2021-04-15,17.129999,17.129999,16.93,17,16.033676,149400,797
2021-04-16,17.129999,17.16,16.66,17.059999,16.090265,223500,798
2021-04-19,17.07,17.4,17,17.200001,16.222311,215800,799
2021-04-20,16.299999,16.5,15.55,15.92,15.015067,400100,800
2021-04-21,15.89,16.280001,15.74,15.8,14.901888,124000,801
2021-04-22,15.85,15.85,15.43,15.58,14.694393,210600,802
2021-04-23,15.68,15.96,15.51,15.82,14.920751,154100,803
2021-04-26,15.91,16.059999,15.63,15.75,14.854731,156200,804
2021-04-27,15.77,15.77,15.48,15.58,14.694393,185600,805
2021-04-28,15.6,15.64,15.18,15.43,14.55292,150300,806
2021-04-29,15.5,15.59,15.06,15.14,14.279405,133700,807
2021-04-30,14.97,15.09,14.65,14.72,13.883278,235300,808
2021-05-03,14.81,15.5,14.81,15.32,14.449172,361600,809
2021-05-04,15.46,15.76,15.21,15.35,14.477468,316500,810
2021-05-05,15.31,15.51,14.96,15.28,14.411447,319300,811
2021-05-06,15.1,15.71,14.98,15.71,14.817003,398900,812
2021-05-07,15.59,15.79,15.23,15.29,14.420878,227900,813
2021-05-10,15.11,15.48,15.11,15.15,14.288836,531400,814
2021-05-11,14.97,15.06,14.69,14.73,13.892709,451900,815
2021-05-12,14.65,14.79,14.13,14.22,13.4117,354000,816
2021-05-13,14.23,14.64,14.23,14.63,13.798394,415300,817
2021-05-14,14.59,14.79,14.42,14.49,13.666351,223300,818
2021-05-17,14.44,14.51,14.15,14.24,13.430562,292800,819
2021-05-18,14.24,14.44,13.98,14.17,13.364542,353800,820
2021-05-19,14.13,14.19,13.94,14.16,13.355109,322200,821
2021-05-20,14.12,14.59,13.88,14.45,13.628626,637000,822
2021-05-21,14.59,14.73,14.49,14.61,13.779531,519000,823
2021-05-24,14.69,14.87,14.52,14.67,13.836121,321800,824
2021-05-25,14.73,14.84,14.45,14.53,13.704078,568600,825
2021-05-26,14.53,14.68,14.35,14.57,13.741805,507100,826
2021-05-27,14.64,14.81,14.3,14.38,13.562604,512800,827
2021-05-28,14.46,14.76,14.35,14.76,13.921005,447500,828
2021-06-01,14.83,15.01,14.77,14.99,14.13793,385700,829
2021-06-02,15.06,15.06,14.53,14.63,13.798394,321600,830
2021-06-03,14.64,14.94,14.48,14.9,14.053046,257300,831
2021-06-04,14.92,14.93,14.56,14.6,13.7701,130900,832
2021-06-07,14.57,14.78,14.41,14.42,13.600331,183900,833
2021-06-08,14.54,14.55,14.29,14.4,13.581468,415100,834
2021-06-09,14.42,14.51,14.26,14.44,13.619194,271600,835
2021-06-10,14.55,14.55,14.11,14.14,13.336246,167700,836
2021-06-11,14.28,14.41,14.13,14.24,13.430562,217600,837
2021-06-14,14.3,14.42,14.24,14.4,13.581468,227100,838
2021-06-15,14.47,14.47,14.1,14.34,13.524879,213400,839
2021-06-16,14.37,14.42,14.24,14.29,13.47772,200200,840
2021-06-17,14.34,14.34,13.88,14,13.204205,227800,841
2021-06-18,13.78,13.95,13.7,13.89,13.100457,501100,842
2021-06-21,13.99,14.08,13.84,14,13.204205,325500,843
2021-06-22,14.06,14.22,13.87,14.18,13.373973,206900,844
2021-06-23,14.21,14.44,14.16,14.2,13.392837,173200,845
2021-06-24,14.34,14.57,14.1,14.31,13.496584,165000,846
2021-06-25,14.29,14.46,14.12,14.15,13.345678,534300,847
2021-06-28,14.06,14.06,13.79,13.95,13.157047,296500,848
2021-06-29,14.01,14.11,13.83,13.84,13.0533,147100,849
2021-06-30,13.69,14,13.58,13.97,13.310555,245700,850
2021-07-01,14,14.07,13.75,13.84,13.186691,130800,851
2021-07-02,13.9,14.01,13.69,13.98,13.320082,239600,852
2021-07-06,13.96,14.02,13.77,13.91,13.253386,294700,853
2021-07-07,13.91,14.06,13.62,13.68,13.034245,313500,854
2021-07-08,13.55,13.82,13.34,13.73,13.081883,290600,855
2021-07-09,14.01,14.29,13.97,14.28,13.605921,234800,856
2021-07-12,14.21,14.62,14.11,14.48,13.796479,249500,857
2021-07-13,14.46,14.51,14.01,14.01,13.348666,255900,858
2021-07-14,14.1,14.32,14.04,14.15,13.482057,121800,859
2021-07-15,14.12,14.12,13.94,14.02,13.358194,161300,860
2021-07-16,14.14,14.22,13.93,14.13,13.463002,266200,861
2021-07-19,13.88,14.04,13.44,13.6,12.958021,268300,862
2021-07-20,13.64,14.15,13.52,13.82,13.167634,254000,863
2021-07-21,14.01,14.11,13.83,13.98,13.320082,142900,864
2021-07-22,13.99,14.12,13.63,13.99,13.329611,356700,865
2021-07-23,13.99,14.11,13.86,14.1,13.434418,156200,866
2021-07-26,14.87,15.18,14.33,14.44,13.758368,261500,867
2021-07-27,14.38,14.42,14.13,14.34,13.663089,139500,868
2021-07-28,14.4,14.53,14.25,14.43,13.74884,113200,869
2021-07-29,14.61,15.01,14.49,15.01,14.301462,191500,870
2021-07-30,15,15.24,15,15.23,14.511078,242000,871
2021-08-02,15.3,15.75,15.01,15.04,14.330046,420300,872
2021-08-03,14.82,15.88,14.82,15.68,14.939837,448700,873
2021-08-04,15.44,15.78,15.19,15.29,14.568245,316900,874
2021-08-05,15.3,15.41,15.23,15.32,14.596828,198100,875
2021-08-06,15.56,15.61,15.4,15.59,14.854084,111400,876
2021-08-09,15.6,15.89,15.34,15.87,15.120867,201800,877
2021-08-10,15.98,16.24,15.88,15.92,15.168507,159300,878
2021-08-11,15.94,16.030001,15.81,15.9,15.14945,106400,879
2021-08-12,15.91,15.99,15.57,15.62,14.882668,105600,880
2021-08-13,15.71,15.74,15.43,15.73,14.987475,107900,881
2021-08-16,15.62,15.75,15.4,15.65,14.91125,136700,882
2021-08-17,15.65,15.78,15.5,15.73,14.987475,135400,883
2021-08-18,15.76,16.120001,15.71,15.73,14.987475,123600,884
2021-08-19,15.59,15.63,15.27,15.47,14.739749,133700,885
2021-08-20,15.42,15.75,15.38,15.51,14.777861,219200,886
2021-08-23,15.61,15.64,15.33,15.45,14.720691,99500,887
2021-08-24,15.49,15.66,15.49,15.57,14.835027,93800,888
2021-08-25,15.65,15.89,15.52,15.83,15.082754,93500,889
2021-08-26,15.85,15.9,15.52,15.53,14.796916,92800,890
2021-08-27,15.62,15.95,15.49,15.88,15.130395,134000,891
2021-08-30,16,16.08,15.72,15.78,15.035114,89600,892
2021-08-31,15.86,15.88,15.71,15.8,15.054171,80500,893
2021-09-01,15.8,15.83,15.59,15.78,15.035114,66700,894
2021-09-02,15.86,15.88,15.61,15.72,14.977947,123800,895
2021-09-03,15.76,16.040001,15.65,15.91,15.158978,95200,896
2021-09-07,15.91,15.97,15.41,15.43,14.701636,122000,897
2021-09-08,15.35,15.47,15.25,15.36,14.63494,91100,898
2021-09-09,15.31,15.58,15.19,15.33,14.606357,141100,899
2021-09-10,15.43,15.54,15.16,15.25,14.530133,107800,900
2021-09-13,15.41,15.41,15.06,15.09,14.377686,141400,901
2021-09-14,15.22,15.25,14.5,14.67,13.977512,175700,902
2021-09-15,14.75,14.8,14.55,14.74,14.044207,145900,903
2021-09-16,14.8,14.85,14.3,14.36,13.682145,165100,904
2021-09-17,14.36,14.6,14.31,14.51,13.825065,649700,905
2021-09-20,14.4,14.5,14.06,14.3,13.624977,138100,906
2021-09-21,14.43,14.43,14.25,14.32,13.644032,84400,907
2021-09-22,14.41,14.59,14.34,14.37,13.691672,84700,908
2021-09-23,14.44,14.82,14.44,14.69,13.996567,114200,909
2021-09-24,14.64,14.87,14.56,14.69,13.996567,93900,910
2021-09-27,14.74,15.1,14.73,14.86,14.158544,154200,911
2021-09-28,14.91,14.94,14.57,14.6,13.910817,110800,912
2021-09-29,14.59,14.95,14.53,14.92,14.21571,106100,913
2021-09-30,14.73,14.8,13.99,14.1,13.561672,141800,914
2021-10-01,14.16,14.46,13.92,14.34,13.79251,151500,915
2021-10-04,14.34,14.39,14.14,14.22,13.677092,84100,916
2021-10-05,14.26,14.36,14.02,14.36,13.811745,162400,917
2021-10-06,14.19,14.33,13.9,14.16,13.619382,151000,918
2021-10-07,14.29,14.59,14.25,14.44,13.888691,86900,919
2021-10-08,14.4,14.52,14.3,14.47,13.917545,47500,920
2021-10-11,14.44,14.76,14.44,14.64,14.081056,135400,921
2021-10-12,14.59,15.1,14.59,15.09,14.513875,128600,922
2021-10-13,15.05,15.38,14.93,15.36,14.773566,135400,923
2021-10-14,15.56,16.08,15.52,15.86,15.254476,288300,924
2021-10-15,16.190001,16.379999,15.98,16.07,15.456459,267500,925
2021-10-18,16.1,16.35,16.08,16.09,15.475696,211200,926
2021-10-19,16.25,16.25,15.55,15.73,15.12944,192200,927
2021-10-20,15.79,16.379999,15.75,16.25,15.629587,139700,928
2021-10-21,16.26,16.33,15.98,16.32,15.696914,106000,929
2021-10-22,16.370001,16.559999,16.27,16.35,15.725769,123300,930
2021-10-25,16.4,16.639999,16.139999,16.58,15.946988,121700,931
2021-10-26,16.67,16.67,16.25,16.26,15.639206,142800,932
2021-10-27,16.120001,16.34,15.87,16.040001,15.427605,181000,933
2021-10-28,16.15,16.389999,16.01,16.280001,15.658442,130500,934
2021-10-29,16.17,16.610001,16.17,16.43,15.802714,161900,935
2021-11-01,16.559999,17.09,16.440001,16.959999,16.312479,311800,936
2021-11-02,16.950001,17.16,16.51,17,16.350952,194500,937
2021-11-03,17.02,17.66,16.940001,17.51,16.841482,144400,938
2021-11-04,17.469999,17.57,17.120001,17.4,16.735682,229000,939
2021-11-05,17.6,17.959999,17.540001,17.9,17.216589,173900,940
2021-11-08,18.02,18.32,17.940001,18.17,17.476284,145600,941
2021-11-09,18.200001,18.43,18.1,18.129999,17.437809,148700,942
2021-11-10,18.139999,18.379999,18.01,18.35,17.649412,139400,943
2021-11-11,18.379999,18.469999,18.08,18.129999,17.437809,95900,944
2021-11-12,18.1,18.1,17.77,17.950001,17.264685,81400,945
2021-11-15,18.09,18.09,17.41,17.530001,16.860718,179000,946
2021-11-16,17.58,17.860001,17.5,17.73,17.053082,124600,947
2021-11-17,17.6,17.6,17.280001,17.370001,16.706825,133300,948
2021-11-18,17.370001,17.469999,17.16,17.309999,16.649117,187100,949
2021-11-19,17.09,17.4,17.040001,17.35,16.68759,181900,950
2021-11-22,17.49,17.950001,17.35,17.459999,16.793388,272700,951
2021-11-23,17.41,17.57,17.4,17.5,16.831863,121600,952
2021-11-24,17.43,17.5,17.24,17.360001,16.697206,98500,953
2021-11-26,16.950001,17.25,16.59,17.24,16.581789,139400,954
2021-11-29,17.219999,17.389999,16.889999,17.110001,16.456753,186400,955
2021-11-30,16.969999,16.98,16.379999,16.469999,15.841187,181500,956
2021-12-01,16.860001,17.23,16.66,16.709999,16.072023,171200,957
2021-12-02,16.889999,17.16,16.48,17.1,16.447136,133200,958
2021-12-03,17.190001,17.49,17.110001,17.48,16.812626,176500,959
2021-12-06,17.76,18,17.52,17.639999,16.966518,100100,960
2021-12-07,17.77,17.879999,17.58,17.66,16.985754,87600,961
2021-12-08,17.67,17.84,17.57,17.59,16.918427,54800,962
2021-12-09,17.43,17.6,17.200001,17.219999,16.562551,64200,963
2021-12-10,17.4,17.42,17.1,17.209999,16.552935,75500,964
2021-12-13,17.15,17.290001,16.98,17.139999,16.485605,103000,965
2021-12-14,17.18,17.469999,16.860001,16.879999,16.235535,245200,966
2021-12-15,16.93,17.290001,16.700001,17.23,16.57217,336700,967
2021-12-16,17.27,17.27,16.700001,16.83,16.187443,325800,968
2021-12-17,16.91,17.190001,16.719999,16.780001,16.139353,786500,969
2021-12-20,16.559999,16.6,15.91,16.4,15.773859,158400,970
2021-12-21,16.370001,16.73,16.370001,16.639999,16.004696,113800,971
2021-12-22,16.67,16.950001,16.58,16.879999,16.235535,97600,972
2021-12-23,17.01,17.040001,16.889999,16.98,16.331715,65700,973
2021-12-27,16.9,17.4,16.9,17.389999,16.726063,71000,974
2021-12-28,17.34,17.530001,17.25,17.35,16.68759,69200,975
2021-12-29,17.35,17.65,17.25,17.43,16.764538,87500,976
2021-12-30,17.389999,17.549999,17.290001,17.32,16.658735,55400,977
2021-12-31,17.17,17.309999,17.1,17.200001,16.678131,61000,978
2022-01-03,17.35,17.73,17.35,17.700001,17.162958,90000,979
2022-01-04,17.84,18.25,17.75,18.190001,17.638092,177800,980
2022-01-05,18.25,18.74,18.16,18.32,17.764147,231700,981
2022-01-06,18.440001,18.48,18.040001,18.129999,17.57991,117500,982
2022-01-07,18.01,18.15,17.82,17.82,17.279316,83300,983
2022-01-10,17.83,17.92,17.52,17.65,17.114475,84500,984
2022-01-11,17.73,17.73,17.32,17.559999,17.027205,154100,985
2022-01-12,17.700001,17.9,17.469999,17.75,17.211441,105100,986
2022-01-13,17.790001,18.450001,17.790001,18.290001,17.735056,100500,987
2022-01-14,18.08,18.540001,18.08,18.51,17.948381,135500,988
2022-01-18,18.15,18.43,18.059999,18.35,17.793238,226400,989
2022-01-19,18.24,18.5,17.860001,17.91,17.366585,130500,990
2022-01-20,17.83,18.139999,17.629999,17.719999,17.18235,156000,991
2022-01-21,17.690001,18.290001,17.690001,17.790001,17.250229,233800,992
2022-01-24,17.65,17.84,17.4,17.639999,17.104778,169300,993
2022-01-25,17.4,17.639999,16.98,17.370001,16.84297,193900,994
2022-01-26,17.440001,17.75,16.92,17.08,16.561769,240200,995
2022-01-27,16.99,17.49,16.809999,17.02,16.503592,181500,996
2022-01-28,16.940001,17,16.549999,16.99,16.474499,103900,997
2022-01-31,16.809999,17.360001,16.809999,17.360001,16.833273,152600,998
2022-02-01,17.299999,17.719999,17.190001,17.65,17.114475,155900,999
2022-02-02,17.59,17.690001,17.459999,17.52,16.988419,119300,1000
2022-02-03,17.35,17.66,17.290001,17.530001,16.998116,120900,1001
2022-02-04,17.450001,17.549999,17.1,17.16,16.639341,133300,1002
2022-02-07,17.1,17.360001,16.98,17.23,16.707218,194200,1003
2022-02-08,17.27,17.68,17.23,17.67,17.133867,235800,1004
2022-02-09,17.66,17.76,17.08,17.120001,16.600557,216000,1005
2022-02-10,16.4,16.51,15.23,15.4,14.932742,494800,1006
2022-02-11,15.39,15.39,14.5,14.54,14.098837,343200,1007
2022-02-14,14.58,14.7,14,14.02,13.594614,559100,1008
2022-02-15,14.12,14.27,13.73,13.95,13.526738,290300,1009
2022-02-16,13.85,14.01,13.37,13.92,13.497648,301800,1010
2022-02-17,13.88,13.92,13.32,13.39,12.98373,299900,1011
2022-02-18,13.39,14.13,13.24,14.05,13.623704,403000,1012
2022-02-22,14.06,14.25,13.81,13.85,13.429773,250700,1013
2022-02-23,13.98,14.1,13.63,13.7,13.284324,199300,1014
2022-02-24,13.59,13.59,13.15,13.37,12.964335,191600,1015
2022-02-25,13.51,13.86,13.5,13.83,13.410378,142500,1016
2022-02-28,13.62,13.85,13.57,13.74,13.323109,178300,1017
2022-03-01,13.72,13.9,12.93,12.96,12.566776,220900,1018
2022-03-02,13.04,13.26,12.83,13.07,12.673438,169700,1019
2022-03-03,13.47,13.77,13.41,13.74,13.323109,204100,1020
2022-03-04,13.54,13.83,13.46,13.55,13.138874,227900,1021
2022-03-07,13.45,13.64,12.79,12.83,12.440721,353900,1022
2022-03-08,12.91,13.2,12.7,12.83,12.440721,247500,1023
2022-03-09,13.1,13.31,13.05,13.1,12.702528,203800,1024
2022-03-10,12.85,13.17,12.78,12.94,12.547382,285400,1025
2022-03-11,13.08,13.16,12.61,12.64,12.256485,205200,1026
2022-03-14,12.65,13.04,12.42,12.98,12.586168,292900,1027
2022-03-15,13.15,13.19,12.54,12.62,12.237092,244800,1028
2022-03-16,12.69,12.91,12.64,12.79,12.401934,320200,1029
2022-03-17,13,13.18,12.66,13.06,12.663742,299700,1030
2022-03-18,13.01,13.35,12.46,12.8,12.411631,1526900,1031
2022-03-21,13.08,13.73,12.89,12.94,12.547382,312400,1032
2022-03-22,12.94,13.13,12.81,12.83,12.440721,233400,1033
2022-03-23,12.73,13.21,12.63,13.08,12.683135,196300,1034
2022-03-24,13.28,13.38,13.11,13.31,12.906157,201200,1035
2022-03-25,13.34,13.71,13.27,13.42,13.012819,181300,1036
2022-03-28,13.43,13.5,13.13,13.39,12.98373,230800,1037
2022-03-29,13.5,13.78,13.14,13.15,12.751011,214300,1038
2022-03-30,13.22,13.22,12.81,12.82,12.431023,198000,1039
2022-03-31,12.68,12.76,12.33,12.38,12.136915,265600,1040
2022-04-01,12.51,12.72,12.35,12.62,12.372202,244200,1041
2022-04-04,12.34,12.51,12.18,12.3,12.058486,293400,1042
2022-04-05,12.32,12.43,11.78,11.8,11.568303,230200,1043
2022-04-06,11.72,11.72,11.38,11.6,11.372231,473900,1044
2022-04-07,11.57,11.67,11.14,11.42,11.195765,255700,1045
2022-04-08,11.55,11.55,10.99,10.99,10.774208,205300,1046
2022-04-11,11,11.49,11,11.17,10.950673,331600,1047
2022-04-12,11.3,11.72,11.2,11.42,11.195765,308300,1048
2022-04-13,11.42,11.79,11.42,11.68,11.45066,221800,1049
2022-04-14,11.71,11.96,11.69,11.94,11.705554,321600,1050
2022-04-18,11.98,12.34,11.84,12.09,11.852609,457500,1051
2022-04-19,12.11,12.5,12.05,12.28,12.038878,341500,1052
2022-04-20,12.43,12.66,12.39,12.44,12.195736,235800,1053
2022-04-21,12.48,12.8,12.46,12.53,12.283969,250200,1054
2022-04-22,12.53,12.53,12.02,12.06,11.823198,216500,1055
2022-04-25,12.02,12.11,11.61,11.68,11.45066,194500,1056
2022-04-26,11.55,11.61,11.22,11.25,11.029102,172100,1057
2022-04-27,11.32,11.41,11.09,11.22,10.999692,240200,1058
2022-04-28,11.38,11.49,11.14,11.4,11.176157,171400,1059
2022-04-29,11.32,11.34,10.94,11,10.784012,198200,1060
2022-05-02,11.09,11.19,10.88,11.11,10.891851,272200,1061
2022-05-03,11.14,11.15,8.94,9.4,9.215427,948100,1062
2022-05-04,9.29,9.49,8.7,9.38,9.195821,652100,1063
2022-05-05,9.34,9.34,8.72,8.83,8.65662,630100,1064
2022-05-06,8.77,9.23,8.68,8.86,8.68603,418600,1065
2022-05-09,8.74,8.79,7.97,8.16,7.999775,726100,1066
2022-05-10,8.18,8.19,7.59,7.63,7.480183,719600,1067
2022-05-11,7.71,8.06,7.65,7.87,7.71547,515400,1068
2022-05-12,7.81,8.14,7.63,7.89,7.735077,400900,1069
2022-05-13,7.97,8.45,7.6,8.34,8.176242,614000,1070
2022-05-16,8.28,8.28,7.74,7.79,7.637041,261700,1071
2022-05-17,7.92,8.1,7.82,8.02,7.862525,246400,1072
2022-05-18,7.98,8.08,7.7,7.84,7.686059,427500,1073
2022-05-19,7.71,8.02,7.45,7.97,7.813506,564000,1074
2022-05-20,8.11,8.28,7.72,7.81,7.656648,349900,1075
2022-05-23,7.92,8.22,7.53,8.08,7.921347,675900,1076
2022-05-24,8.06,8.41,7.92,8.32,8.156633,416600,1077
2022-05-25,8.31,8.68,8.24,8.64,8.470351,324200,1078
2022-05-26,8.64,8.85,8.44,8.45,8.284081,465400,1079
2022-05-27,8.57,8.73,8.53,8.67,8.499762,177400,1080
2022-05-31,8.7,8.76,8.36,8.62,8.450744,730800,1081
2022-06-01,8.58,8.88,8.32,8.45,8.284081,265100,1082
2022-06-02,8.53,8.68,8.32,8.68,8.509565,231700,1083
2022-06-03,8.63,8.63,8.2,8.22,8.058598,194500,1084
2022-06-06,8.42,8.62,8.24,8.61,8.44094,314500,1085
2022-06-07,8.5,8.68,8.33,8.58,8.411529,294600,1086
2022-06-08,8.53,8.57,8.31,8.35,8.186046,210500,1087
2022-06-09,8.25,8.36,8.08,8.12,7.960561,232500,1088
2022-06-10,7.97,8,7.74,7.97,7.813506,221900,1089
2022-06-13,7.76,7.76,7.19,7.34,7.195877,487900,1090
2022-06-14,7.29,7.39,6.99,7,6.862553,327400,1091
2022-06-15,7.12,7.28,6.86,7.15,7.009608,568100,1092
2022-06-16,6.96,6.99,6.57,6.67,6.539032,565800,1093
2022-06-17,6.76,6.97,6.68,6.8,6.66648,585700,1094
2022-06-21,6.99,7.23,6.78,7.13,6.99,616300,1095
2022-06-22,7.07,7.3,7.05,7.15,7.009608,456700,1096
2022-06-23,7.2,7.36,7.08,7.28,7.137055,215900,1097
2022-06-24,7.39,7.54,7.3,7.32,7.17627,568500,1098
2022-06-27,7.39,7.51,7.31,7.34,7.195877,309100,1099
2022-06-28,7.45,7.49,6.94,6.95,6.813534,272000,1100
2022-06-29,6.92,7.13,6.74,7.13,6.99,366000,1101
2022-06-30,6.83,6.97,6.64,6.88,6.88,276300,1102
2022-07-01,6.88,7.26,6.88,7.23,7.23,376200,1103
2022-07-05,7.03,7.13,6.79,7.05,7.05,281600,1104
2022-07-06,7.09,7.09,6.54,6.67,6.67,296200,1105
2022-07-07,6.74,6.8,6.56,6.6,6.6,370800,1106
2022-07-08,6.61,6.69,6.4,6.5,6.5,246000,1107
2022-07-11,6.5,6.61,6.38,6.5,6.5,334600,1108
2022-07-12,6.52,6.78,6.52,6.55,6.55,282000,1109
2022-07-13,6.5,6.5,6.25,6.4,6.4,208400,1110
2022-07-14,6.31,6.58,6.19,6.54,6.54,300300,1111
2022-07-15,6.69,6.78,6.43,6.54,6.54,343000,1112
2022-07-18,6.6,6.77,6.56,6.69,6.69,276400,1113
2022-07-19,6.81,7.03,6.74,6.85,6.85,528400,1114
2022-07-20,6.8,6.96,6.69,6.71,6.71,387900,1115
2022-07-21,6.6,6.64,6.25,6.37,6.37,330100,1116
2022-07-22,6.36,6.38,6.11,6.3,6.3,312400,1117
2022-07-25,6.37,6.4,6.09,6.4,6.4,368900,1118
2022-07-26,6.4,6.4,6.02,6.03,6.03,320200,1119
2022-07-27,6.09,6.35,6.04,6.31,6.31,419400,1120
2022-07-28,6.39,6.54,6.18,6.2,6.2,342900,1121
2022-07-29,6.2,6.22,5.98,6.14,6.14,387300,1122
2022-08-01,6.2,6.37,6.05,6.34,6.34,452600,1123
2022-08-02,6.87,7.13,5.87,5.91,5.91,764200,1124
2022-08-03,5.95,6.01,5.62,5.73,5.73,566400,1125
2022-08-04,5.74,5.81,5.37,5.45,5.45,522900,1126
2022-08-05,5.38,5.38,4.89,5.03,5.03,665600,1127
2022-08-08,5.1,5.49,5.05,5.29,5.29,405600,1128
2022-08-09,5.26,5.32,5.13,5.3,5.3,344700,1129
2022-08-10,5.39,5.45,5.26,5.31,5.31,406300,1130
2022-08-11,5.41,5.45,5.25,5.43,5.43,342100,1131
2022-08-12,5.48,5.69,5.39,5.67,5.67,331700,1132
2022-08-15,5.62,5.69,5.45,5.64,5.64,415500,1133
2022-08-16,5.65,5.9,5.55,5.88,5.88,589700,1134
2022-08-17,5.84,5.84,5.65,5.66,5.66,294600,1135
2022-08-18,5.66,5.7,5.55,5.59,5.59,138400,1136
2022-08-19,5.55,5.56,5.2,5.26,5.26,414100,1137
2022-08-22,5.23,5.45,5.15,5.29,5.29,310800,1138
2022-08-23,5.25,5.33,5.2,5.21,5.21,317000,1139
2022-08-24,5.26,5.26,4.88,4.91,4.91,420700,1140
2022-08-25,4.97,5.34,4.93,5.31,5.31,489300,1141
2022-08-26,5.31,5.39,4.97,5.01,5.01,305000,1142
2022-08-29,4.98,4.98,4.54,4.78,4.78,653500,1143
2022-08-30,4.84,5.01,4.67,4.95,4.95,578200,1144
2022-08-31,4.96,5.04,4.84,4.87,4.87,538400,1145
2022-09-01,4.77,4.83,4.62,4.8,4.8,389500,1146
2022-09-02,4.9,5.14,4.85,4.94,4.94,450100,1147
2022-09-06,4.51,4.56,3.81,4.36,4.36,2923200,1148
2022-09-07,4.36,4.36,3.95,4.28,4.28,1675900,1149
2022-09-08,4.33,4.5,4.01,4.5,4.5,1629200,1150
2022-09-09,4.54,4.54,4.29,4.33,4.33,1257300,1151
2022-09-12,4.41,4.53,4.15,4.52,4.52,1338300,1152
2022-09-13,4.36,4.48,4.09,4.16,4.16,1344000,1153
2022-09-14,4.13,4.24,4,4.13,4.13,1695800,1154
2022-09-15,4.08,4.47,4.01,4.42,4.42,2318200,1155
2022-09-16,4.33,4.38,4.05,4.2,4.2,10692400,1156
2022-09-19,4.15,4.79,4.15,4.56,4.56,2221800,1157
2022-09-20,4.51,4.88,4.42,4.67,4.67,1403500,1158
2022-09-21,4.16,4.63,4.11,4.41,4.41,1479600,1159
2022-09-22,4.33,4.42,4.23,4.39,4.39,1243800,1160
2022-09-23,4.29,4.56,4.04,4.05,4.05,1030200,1161
2022-09-26,4.02,4.04,3.62,3.73,3.73,809900,1162
2022-09-27,3.79,3.79,3.52,3.55,3.55,771100,1163
2022-09-28,3.58,3.62,3.46,3.47,3.47,782500,1164
2022-09-29,3.4,3.42,3.21,3.28,3.28,758900,1165
2022-09-30,3.3,3.37,3.1,3.11,3.11,1086300,1166
2022-10-03,3.17,3.23,3.07,3.14,3.14,1346900,1167
2022-10-04,3.2,3.41,3.2,3.36,3.36,1465500,1168
2022-10-05,3.29,3.33,3.14,3.17,3.17,755400,1169
2022-10-06,3.12,3.17,2.82,2.9,2.9,1121800,1170
2022-10-07,2.86,2.86,2.62,2.71,2.71,925200,1171
2022-10-10,2.69,2.85,2.69,2.77,2.77,880700,1172
2022-10-11,2.71,2.77,2.63,2.71,2.71,819800,1173
2022-10-12,2.68,2.77,2.28,2.33,2.33,2595900,1174
2022-10-13,2.32,2.32,2.1,2.19,2.19,4747000,1175
2022-10-14,2.23,2.28,2.08,2.08,2.08,2018900,1176
2022-10-17,2.19,2.5,2.16,2.38,2.38,2532900,1177
2022-10-18,2.45,2.89,2.45,2.84,2.84,2075200,1178
2022-10-19,2.76,2.81,2.51,2.57,2.57,1367500,1179
2022-10-20,2.56,2.74,2.53,2.56,2.56,862300,1180
2022-10-21,2.57,2.74,2.55,2.69,2.69,784800,1181
2022-10-24,2.68,2.75,2.5,2.5,2.5,882600,1182
2022-10-25,2.5,2.67,2.46,2.61,2.61,783700,1183
2022-10-26,2.63,2.86,2.61,2.66,2.66,734700,1184
2022-10-27,2.68,3.02,2.63,2.79,2.79,932400,1185
2022-10-28,2.84,3.05,2.82,3,3,836000,1186
2022-10-31,2.99,2.99,2.78,2.83,2.83,820000,1187
2022-11-01,2.86,3.04,2.85,2.98,2.98,851600,1188
2022-11-02,3.01,3.01,2.8,2.83,2.83,756600,1189
2022-11-03,2.62,2.79,2.52,2.71,2.71,525700,1190
2022-11-04,2.8,3.13,2.77,3.1,3.1,840400,1191
2022-11-07,3.15,3.73,3.12,3.67,3.67,1448100,1192
2022-11-08,3.66,3.74,3.37,3.55,3.55,983400,1193
2022-11-09,3.46,3.54,3.25,3.29,3.29,611100,1194
2022-11-10,3.4,3.5,3.28,3.48,3.48,832200,1195
2022-11-11,3.43,3.59,3.34,3.54,3.54,697300,1196
2022-11-14,3.54,3.56,3.23,3.25,3.25,836200,1197
2022-11-15,3.28,3.54,3.28,3.48,3.48,507800,1198
2022-11-16,3.46,3.73,3.39,3.7,3.7,864900,1199
2022-11-17,3.62,3.71,3.53,3.69,3.69,490600,1200
2022-11-18,3.81,4,3.73,3.97,3.97,662100,1201
2022-11-21,3.87,3.89,3.69,3.8,3.8,709600,1202
2022-11-22,3.82,3.98,3.75,3.96,3.96,329100,1203
2022-11-23,3.97,4.09,3.89,4.06,4.06,320600,1204
2022-11-25,4.04,4.11,3.86,3.98,3.98,266400,1205
2022-11-28,3.95,3.96,3.69,3.72,3.72,374000,1206
2022-11-29,3.75,3.84,3.6,3.73,3.73,371200,1207
2022-11-30,3.76,3.76,3.38,3.47,3.47,2259000,1208
2022-12-01,3.5,3.71,3.43,3.6,3.6,672100,1209
2022-12-02,3.54,3.62,3.47,3.55,3.55,437700,1210
2022-12-05,3.54,3.62,3.43,3.62,3.62,389300,1211
2022-12-06,3.63,3.72,3.57,3.7,3.7,556100,1212
2022-12-07,3.68,3.75,3.54,3.56,3.56,227400,1213
2022-12-08,3.57,3.6,3.35,3.4,3.4,335700,1214
2022-12-09,3.4,3.65,3.35,3.54,3.54,317700,1215
2022-12-12,3.53,3.62,3.35,3.62,3.62,387800,1216
2022-12-13,3.73,3.88,3.32,3.32,3.32,601200,1217
2022-12-14,3.35,3.51,3.29,3.43,3.43,566100,1218
2022-12-15,3.35,3.4,3.27,3.33,3.33,391700,1219
2022-12-16,3.28,3.28,3.01,3.09,3.09,1219200,1220
2022-12-19,3.07,3.1,2.79,2.9,2.9,739000,1221
2022-12-20,2.9,2.92,2.74,2.8,2.8,840000,1222
2022-12-21,2.85,2.95,2.82,2.86,2.86,473300,1223
2022-12-22,2.81,2.99,2.78,2.97,2.97,362900,1224
2022-12-23,2.94,3.03,2.79,2.86,2.86,347300,1225
2022-12-27,2.86,2.86,2.66,2.75,2.75,417500,1226
2022-12-28,2.75,2.82,2.57,2.65,2.65,465400,1227
2022-12-29,2.68,2.84,2.67,2.8,2.8,561100,1228
2022-12-30,2.72,2.84,2.72,2.78,2.78,447900,1229
2023-01-03,2.83,2.98,2.78,2.83,2.83,563300,1230
2023-01-04,2.86,2.96,2.84,2.88,2.88,338700,1231
2023-01-05,2.87,2.88,2.66,2.67,2.67,411800,1232
2023-01-06,2.7,2.93,2.67,2.86,2.86,464200,1233
2023-01-09,2.89,3.3,2.88,3.2,3.2,765300,1234
2023-01-10,3.2,3.37,3.09,3.35,3.35,475800,1235
2023-01-11,3.39,3.4,3.31,3.35,3.35,501200,1236
2023-01-12,3.38,3.46,3.31,3.45,3.45,290900,1237
2023-01-13,3.46,3.53,3.4,3.5,3.5,433900,1238
2023-01-17,3.53,3.65,3.5,3.53,3.53,467000,1239
2023-01-18,3.5,3.56,3.31,3.34,3.34,369300,1240
2023-01-19,3.28,3.3,3.15,3.23,3.23,342700,1241
2023-01-20,3.26,3.32,3.17,3.31,3.31,344800,1242
2023-01-23,3.31,3.42,3.28,3.35,3.35,347800,1243
2023-01-24,3.37,3.55,3.31,3.54,3.54,364400,1244
2023-01-25,3.41,3.91,3.4,3.89,3.89,1097100,1245
2023-01-26,3.89,4.07,3.88,4.05,4.05,427100,1246
2023-01-27,4.12,4.44,4.07,4.35,4.35,648900,1247
2023-01-30,4.31,4.34,4.14,4.23,4.23,544400,1248
2023-01-31,4.23,4.49,4.23,4.38,4.38,551500,1249
2023-02-01,4.35,4.87,4.32,4.66,4.66,1139500,1250
2023-02-02,4.71,4.82,4.64,4.72,4.72,404700,1251
2023-02-03,4.65,4.72,4.61,4.64,4.64,321200,1252
2023-02-06,4.6,4.76,4.5,4.58,4.58,395400,1253
2023-02-07,4.54,4.54,4.37,4.45,4.45,279800,1254
2023-02-08,4.38,4.4,4.2,4.32,4.32,238600,1255
2023-02-09,4.37,4.37,3.99,4.06,4.06,280400,1256
2023-02-10,4.03,4.17,3.97,4.17,4.17,199700,1257